IP地址,端口,TLS,数据中心,地区,城市,网络延迟,下载速度
144.202.123.173,443,true,LAX,北美洲,美国洛杉矶,0 ms,97366 kB/s
149.28.80.8,10443,true,LAX,北美洲,美国洛杉矶,1 ms,95629 kB/s
192.9.133.106,443,true,SJC,北美洲,美国圣何塞,11 ms,92077 kB/s
129.146.250.189,50008,true,LAX,北美洲,美国洛杉矶,10 ms,92015 kB/s
44.36.18.100,2087,true,LAX,北美洲,美国洛杉矶,1 ms,91301 kB/s
172.235.54.221,443,true,LAX,北美洲,美国洛杉矶,1 ms,90841 kB/s
172.233.131.73,443,true,LAX,北美洲,美国洛杉矶,2 ms,90347 kB/s
104.207.155.167,443,true,LAX,北美洲,美国洛杉矶,1 ms,90131 kB/s
45.77.0.210,2025,true,SJC,北美洲,美国圣何塞,13 ms,90086 kB/s
44.36.18.100,2096,true,LAX,北美洲,美国洛杉矶,2 ms,89194 kB/s
149.28.92.56,443,true,LAX,北美洲,美国洛杉矶,1 ms,88184 kB/s
66.112.215.118,443,true,LAX,北美洲,美国洛杉矶,1 ms,87707 kB/s
45.32.75.42,443,true,LAX,北美洲,美国洛杉矶,0 ms,87295 kB/s
104.194.86.60,587,true,LAX,北美洲,美国洛杉矶,0 ms,87268 kB/s
45.77.0.161,9443,true,SJC,北美洲,美国圣何塞,12 ms,86274 kB/s
129.153.74.179,443,true,LAX,北美洲,美国洛杉矶,13 ms,86005 kB/s
44.36.18.100,2053,true,LAX,北美洲,美国洛杉矶,1 ms,85500 kB/s
65.49.193.13,55555,true,LAX,北美洲,美国洛杉矶,3 ms,84612 kB/s
165.1.75.146,443,true,SJC,北美洲,美国圣何塞,10 ms,84543 kB/s
129.146.75.174,50008,true,LAX,北美洲,美国洛杉矶,10 ms,83802 kB/s
144.34.230.153,9003,true,LAX,北美洲,美国洛杉矶,1 ms,83543 kB/s
44.36.18.100,443,true,LAX,北美洲,美国洛杉矶,2 ms,83482 kB/s
107.182.18.145,1028,true,LAX,北美洲,美国洛杉矶,1 ms,83387 kB/s
98.142.142.179,587,true,LAX,北美洲,美国洛杉矶,1 ms,82961 kB/s
144.34.228.184,20029,true,LAX,北美洲,美国洛杉矶,0 ms,81114 kB/s
129.146.48.121,2052,true,LAX,北美洲,美国洛杉矶,11 ms,80718 kB/s
159.54.160.136,443,true,SJC,北美洲,美国圣何塞,24 ms,80563 kB/s
198.181.38.68,5710,true,LAX,北美洲,美国洛杉矶,1 ms,80395 kB/s
172.233.140.175,2096,true,LAX,北美洲,美国洛杉矶,0 ms,80289 kB/s
192.9.137.193,8443,true,SJC,北美洲,美国圣何塞,11 ms,79624 kB/s
144.168.56.119,20079,true,LAX,北美洲,美国洛杉矶,0 ms,78882 kB/s
104.194.66.75,33444,true,LAX,北美洲,美国洛杉矶,0 ms,78790 kB/s
144.202.123.11,33391,true,LAX,北美洲,美国洛杉矶,0 ms,78631 kB/s
163.192.29.103,8443,true,SJC,北美洲,美国圣何塞,13 ms,77941 kB/s
67.230.180.33,11000,true,LAX,北美洲,美国洛杉矶,1 ms,77205 kB/s
45.77.0.210,4060,true,SJC,北美洲,美国圣何塞,12 ms,76704 kB/s
137.131.4.195,50008,true,LAX,北美洲,美国洛杉矶,10 ms,76473 kB/s
89.208.246.105,443,true,LAX,北美洲,美国洛杉矶,0 ms,74949 kB/s
45.56.83.116,443,true,SJC,北美洲,美国圣何塞,11 ms,74740 kB/s
209.38.131.71,1141,true,SJC,北美洲,美国圣何塞,14 ms,74189 kB/s
64.64.249.39,587,true,LAX,北美洲,美国洛杉矶,0 ms,73694 kB/s
44.36.18.100,2083,true,LAX,北美洲,美国洛杉矶,2 ms,73277 kB/s
45.63.60.138,443,true,LAX,北美洲,美国洛杉矶,0 ms,73165 kB/s
64.23.143.23,587,true,SJC,北美洲,美国圣何塞,14 ms,72792 kB/s
141.148.149.116,50008,true,LAX,北美洲,美国洛杉矶,10 ms,72372 kB/s
45.62.112.59,8443,true,LAX,北美洲,美国洛杉矶,1 ms,72013 kB/s
45.78.5.151,587,true,LAX,北美洲,美国洛杉矶,1 ms,71513 kB/s
104.194.83.67,30000,true,LAX,北美洲,美国洛杉矶,0 ms,70718 kB/s
93.179.115.54,443,true,LAX,北美洲,美国洛杉矶,0 ms,70502 kB/s
149.28.79.224,8080,true,LAX,北美洲,美国洛杉矶,1 ms,69950 kB/s
212.50.229.194,443,true,SJC,北美洲,美国圣何塞,15 ms,69068 kB/s
149.248.21.85,11146,true,LAX,北美洲,美国洛杉矶,1 ms,69024 kB/s
144.202.80.138,443,true,SEA,北美洲,Seattle,33 ms,68685 kB/s
174.137.49.121,587,true,SJC,北美洲,美国圣何塞,13 ms,68675 kB/s
173.242.115.117,10395,true,LAX,北美洲,美国洛杉矶,1 ms,67587 kB/s
45.62.96.119,27015,true,SJC,北美洲,美国圣何塞,10 ms,67465 kB/s
97.64.21.181,8443,true,LAX,北美洲,美国洛杉矶,0 ms,67337 kB/s
23.105.220.235,9306,true,LAX,北美洲,美国洛杉矶,1 ms,66796 kB/s
65.49.193.44,15200,true,LAX,北美洲,美国洛杉矶,1 ms,65348 kB/s
172.233.142.49,25255,true,LAX,北美洲,美国洛杉矶,1 ms,65163 kB/s
67.216.200.35,443,true,LAX,北美洲,美国洛杉矶,3 ms,64729 kB/s
129.146.186.52,50008,true,LAX,北美洲,美国洛杉矶,10 ms,64188 kB/s
45.62.127.160,10443,true,LAX,北美洲,美国洛杉矶,1 ms,63563 kB/s
98.142.143.170,10041,true,LAX,北美洲,美国洛杉矶,1 ms,62801 kB/s
64.181.243.99,443,true,SJC,北美洲,美国圣何塞,14 ms,62613 kB/s
45.62.99.97,443,true,SJC,北美洲,美国圣何塞,10 ms,61685 kB/s
192.243.113.108,443,true,LAX,北美洲,美国洛杉矶,1 ms,61627 kB/s
64.64.227.102,449,true,LAX,北美洲,美国洛杉矶,1 ms,61444 kB/s
104.225.234.22,443,true,LAX,北美洲,美国洛杉矶,1 ms,61076 kB/s
23.105.192.140,443,true,LAX,北美洲,美国洛杉矶,0 ms,60840 kB/s
192.9.139.160,443,true,SJC,北美洲,美国圣何塞,13 ms,60645 kB/s
80.251.213.77,443,true,LAX,北美洲,美国洛杉矶,7 ms,60564 kB/s
45.62.113.179,443,true,LAX,北美洲,美国洛杉矶,1 ms,60456 kB/s
199.19.104.142,1443,true,LAX,北美洲,美国洛杉矶,0 ms,60357 kB/s
104.160.42.64,587,true,LAX,北美洲,美国洛杉矶,8 ms,60138 kB/s
129.146.203.232,50008,true,LAX,北美洲,美国洛杉矶,9 ms,60101 kB/s
98.142.143.170,10040,true,LAX,北美洲,美国洛杉矶,1 ms,59206 kB/s
23.105.199.91,21626,true,LAX,北美洲,美国洛杉矶,0 ms,58943 kB/s
45.63.91.2,8443,true,SJC,北美洲,美国圣何塞,12 ms,58916 kB/s
97.64.26.142,30840,true,LAX,北美洲,美国洛杉矶,0 ms,58685 kB/s
172.93.32.189,443,true,YVR,北美洲,Vancouver,34 ms,58500 kB/s
144.34.235.253,16606,true,LAX,北美洲,美国洛杉矶,1 ms,58386 kB/s
144.34.227.210,33473,true,LAX,北美洲,美国洛杉矶,1 ms,58277 kB/s
44.36.18.100,8443,true,LAX,北美洲,美国洛杉矶,1 ms,58106 kB/s
45.62.110.18,27015,true,SJC,北美洲,美国圣何塞,11 ms,57697 kB/s
104.224.159.50,60000,true,LAX,北美洲,美国洛杉矶,0 ms,57552 kB/s
67.209.182.224,27015,true,LAX,北美洲,美国洛杉矶,0 ms,57502 kB/s
65.49.192.12,443,true,LAX,北美洲,美国洛杉矶,1 ms,57202 kB/s
96.45.187.148,8443,true,LAX,北美洲,美国洛杉矶,1 ms,56530 kB/s
173.242.113.174,8012,true,LAX,北美洲,美国洛杉矶,1 ms,56193 kB/s
64.64.241.54,20001,true,LAX,北美洲,美国洛杉矶,0 ms,55940 kB/s
45.62.110.53,443,true,SJC,北美洲,美国圣何塞,19 ms,55935 kB/s
104.194.82.58,443,true,LAX,北美洲,美国洛杉矶,0 ms,55723 kB/s
144.34.230.39,443,true,LAX,北美洲,美国洛杉矶,1 ms,55431 kB/s
95.169.26.188,38557,true,LAX,北美洲,美国洛杉矶,1 ms,55245 kB/s
129.146.6.217,50008,true,LAX,北美洲,美国洛杉矶,9 ms,55159 kB/s
96.45.187.117,443,true,LAX,北美洲,美国洛杉矶,9 ms,54966 kB/s
144.34.228.107,443,true,LAX,北美洲,美国洛杉矶,17 ms,54807 kB/s
23.105.220.235,19133,true,LAX,北美洲,美国洛杉矶,1 ms,53880 kB/s
144.34.228.162,443,true,LAX,北美洲,美国洛杉矶,17 ms,53601 kB/s
178.157.50.221,8001,true,LAX,北美洲,美国洛杉矶,0 ms,53546 kB/s
104.225.153.70,443,true,LAX,北美洲,美国洛杉矶,0 ms,53515 kB/s
198.181.36.89,443,true,LAX,北美洲,美国洛杉矶,1 ms,53496 kB/s
74.211.103.112,443,true,LAX,北美洲,美国洛杉矶,7 ms,53412 kB/s
67.218.135.8,54321,true,LAX,北美洲,美国洛杉矶,1 ms,53343 kB/s
80.251.221.41,443,true,LAX,北美洲,美国洛杉矶,1 ms,53307 kB/s
149.28.223.40,8443,true,SJC,北美洲,美国圣何塞,12 ms,53222 kB/s
45.32.75.42,8443,true,LAX,北美洲,美国洛杉矶,0 ms,53114 kB/s
192.69.94.7,40001,true,LAX,北美洲,美国洛杉矶,1 ms,53100 kB/s
23.106.154.209,9418,true,LAX,北美洲,美国洛杉矶,0 ms,52608 kB/s
104.225.237.241,443,true,LAX,北美洲,美国洛杉矶,1 ms,52607 kB/s
74.211.111.3,27015,true,LAX,北美洲,美国洛杉矶,1 ms,52541 kB/s
23.105.220.138,1004,true,LAX,北美洲,美国洛杉矶,1 ms,52493 kB/s
199.193.127.46,443,true,LAX,北美洲,美国洛杉矶,0 ms,52479 kB/s
199.180.114.14,443,true,LAX,北美洲,美国洛杉矶,0 ms,52315 kB/s
152.70.112.175,55555,true,SJC,北美洲,美国圣何塞,10 ms,52176 kB/s
104.160.45.229,512,true,LAX,北美洲,美国洛杉矶,1 ms,52127 kB/s
67.209.179.237,30419,true,LAX,北美洲,美国洛杉矶,2 ms,52115 kB/s
104.194.72.66,33073,true,LAX,北美洲,美国洛杉矶,0 ms,52070 kB/s
216.128.140.253,26376,true,DFW,北美洲,Dallas,31 ms,52037 kB/s
107.182.17.246,443,true,LAX,北美洲,美国洛杉矶,0 ms,52034 kB/s
144.34.163.149,58431,true,LAX,北美洲,美国洛杉矶,1 ms,51980 kB/s
172.96.192.109,22503,true,LAX,北美洲,美国洛杉矶,1 ms,51810 kB/s
173.242.124.244,9015,true,LAX,北美洲,美国洛杉矶,0 ms,51610 kB/s
104.194.91.39,443,true,LAX,北美洲,美国洛杉矶,0 ms,51508 kB/s
23.106.155.30,12257,true,LAX,北美洲,美国洛杉矶,1 ms,51476 kB/s
172.93.41.106,443,true,LAX,北美洲,美国洛杉矶,1 ms,51340 kB/s
66.112.217.201,443,true,LAX,北美洲,美国洛杉矶,0 ms,51310 kB/s
199.19.104.63,666,true,LAX,北美洲,美国洛杉矶,1 ms,51142 kB/s
104.238.180.123,443,true,SJC,北美洲,美国圣何塞,20 ms,51066 kB/s
149.28.223.40,9443,true,SJC,北美洲,美国圣何塞,12 ms,50820 kB/s
64.64.242.25,443,true,LAX,北美洲,美国洛杉矶,1 ms,50660 kB/s
95.163.203.38,2053,true,LAX,北美洲,美国洛杉矶,0 ms,50565 kB/s
176.122.132.65,1991,true,LAX,北美洲,美国洛杉矶,1 ms,50438 kB/s
192.243.115.180,443,true,LAX,北美洲,美国洛杉矶,1 ms,50350 kB/s
144.34.231.35,18888,true,LAX,北美洲,美国洛杉矶,4 ms,49964 kB/s
104.194.82.107,443,true,LAX,北美洲,美国洛杉矶,0 ms,49954 kB/s
198.181.36.185,9295,true,LAX,北美洲,美国洛杉矶,1 ms,49917 kB/s
64.64.224.83,10203,true,LAX,北美洲,美国洛杉矶,1 ms,49880 kB/s
104.224.181.22,443,true,LAX,北美洲,美国洛杉矶,8 ms,49748 kB/s
144.202.85.181,2096,true,SEA,北美洲,Seattle,29 ms,49582 kB/s
150.136.219.11,443,true,IAD,北美洲,美国阿什伯恩,66 ms,49561 kB/s
80.251.219.190,443,true,LAX,北美洲,美国洛杉矶,1 ms,49542 kB/s
207.246.97.82,443,true,LAX,北美洲,美国洛杉矶,2 ms,49422 kB/s
80.251.215.244,443,true,LAX,北美洲,美国洛杉矶,0 ms,49421 kB/s
199.19.111.248,443,true,LAX,北美洲,美国洛杉矶,1 ms,49201 kB/s
104.224.158.96,443,true,LAX,北美洲,美国洛杉矶,1 ms,49179 kB/s
104.194.81.2,443,true,LAX,北美洲,美国洛杉矶,19 ms,48819 kB/s
80.251.213.187,443,true,LAX,北美洲,美国洛杉矶,1 ms,48721 kB/s
65.49.210.99,443,true,LAX,北美洲,美国洛杉矶,1 ms,48476 kB/s
173.242.112.215,443,true,LAX,北美洲,美国洛杉矶,1 ms,48353 kB/s
104.225.146.252,443,true,LAX,北美洲,美国洛杉矶,22 ms,48194 kB/s
104.224.153.46,443,true,LAX,北美洲,美国洛杉矶,0 ms,48113 kB/s
104.194.81.150,443,true,LAX,北美洲,美国洛杉矶,10 ms,48069 kB/s
144.34.234.96,443,true,LAX,北美洲,美国洛杉矶,1 ms,48063 kB/s
80.251.220.146,443,true,LAX,北美洲,美国洛杉矶,3 ms,48050 kB/s
65.49.223.222,443,true,LAX,北美洲,美国洛杉矶,0 ms,48023 kB/s
173.242.114.187,19800,true,LAX,北美洲,美国洛杉矶,1 ms,48019 kB/s
67.216.196.221,443,true,LAX,北美洲,美国洛杉矶,3 ms,47711 kB/s
207.246.92.49,443,true,EWR,北美洲,美国纽瓦克,67 ms,47707 kB/s
23.105.197.36,443,true,LAX,北美洲,美国洛杉矶,1 ms,47616 kB/s
149.28.8.119,443,true,SEA,北美洲,Seattle,33 ms,47566 kB/s
199.193.125.229,1777,true,LAX,北美洲,美国洛杉矶,0 ms,47545 kB/s
45.62.110.190,443,true,SJC,北美洲,美国圣何塞,9 ms,47473 kB/s
65.49.197.29,20443,true,LAX,北美洲,美国洛杉矶,1 ms,47389 kB/s
95.181.189.177,443,true,LAX,北美洲,美国洛杉矶,1 ms,47222 kB/s
45.78.7.113,443,true,LAX,北美洲,美国洛杉矶,0 ms,47081 kB/s
104.207.159.165,8088,true,SEA,北美洲,Seattle,30 ms,47012 kB/s
95.169.24.119,443,true,LAX,北美洲,美国洛杉矶,1 ms,46835 kB/s
65.49.192.225,58564,true,LAX,北美洲,美国洛杉矶,0 ms,46689 kB/s
95.181.189.201,443,true,LAX,北美洲,美国洛杉矶,1 ms,46508 kB/s
129.146.199.96,443,true,LAX,北美洲,美国洛杉矶,13 ms,46468 kB/s
104.194.64.142,443,true,LAX,北美洲,美国洛杉矶,1 ms,46277 kB/s
107.182.179.27,2443,true,LAX,北美洲,美国洛杉矶,1 ms,46156 kB/s
216.24.184.56,443,true,LAX,北美洲,美国洛杉矶,1 ms,46015 kB/s
74.211.108.50,10437,true,LAX,北美洲,美国洛杉矶,0 ms,46008 kB/s
138.128.222.207,433,true,LAX,北美洲,美国洛杉矶,1 ms,45799 kB/s
192.243.114.127,12121,true,LAX,北美洲,美国洛杉矶,1 ms,45623 kB/s
144.34.230.128,443,true,LAX,北美洲,美国洛杉矶,2 ms,45558 kB/s
158.101.15.61,443,true,LAX,北美洲,美国洛杉矶,9 ms,45511 kB/s
104.194.66.215,443,true,LAX,北美洲,美国洛杉矶,1 ms,45449 kB/s
129.146.46.164,443,true,LAX,北美洲,美国洛杉矶,26 ms,45301 kB/s
65.49.205.213,443,true,LAX,北美洲,美国洛杉矶,0 ms,45271 kB/s
216.24.178.170,443,true,LAX,北美洲,美国洛杉矶,0 ms,45256 kB/s
192.69.93.205,443,true,LAX,北美洲,美国洛杉矶,1 ms,45206 kB/s
45.32.79.55,443,true,LAX,北美洲,美国洛杉矶,0 ms,45202 kB/s
65.49.195.163,14828,true,LAX,北美洲,美国洛杉矶,7 ms,45128 kB/s
104.243.20.184,443,true,LAX,北美洲,美国洛杉矶,0 ms,45107 kB/s
192.69.92.118,443,true,LAX,北美洲,美国洛杉矶,1 ms,44734 kB/s
144.34.231.104,32779,true,LAX,北美洲,美国洛杉矶,1 ms,44722 kB/s
89.208.247.199,443,true,LAX,北美洲,美国洛杉矶,0 ms,44332 kB/s
172.93.47.89,587,true,LAX,北美洲,美国洛杉矶,1 ms,44301 kB/s
23.105.195.30,443,true,LAX,北美洲,美国洛杉矶,1 ms,44216 kB/s
173.242.114.19,443,true,LAX,北美洲,美国洛杉矶,1 ms,44173 kB/s
192.69.94.252,443,true,LAX,北美洲,美国洛杉矶,1 ms,43674 kB/s
67.209.182.124,443,true,LAX,北美洲,美国洛杉矶,0 ms,43644 kB/s
45.62.116.113,443,true,LAX,北美洲,美国洛杉矶,2 ms,43623 kB/s
178.157.50.134,443,true,LAX,北美洲,美国洛杉矶,1 ms,43533 kB/s
104.243.24.51,51004,true,LAX,北美洲,美国洛杉矶,0 ms,43358 kB/s
172.93.46.36,8443,true,LAX,北美洲,美国洛杉矶,1 ms,43184 kB/s
149.28.12.28,443,true,SEA,北美洲,Seattle,30 ms,43116 kB/s
89.208.249.217,12345,true,LAX,北美洲,美国洛杉矶,1 ms,42656 kB/s
95.181.188.10,443,true,LAX,北美洲,美国洛杉矶,1 ms,42609 kB/s
104.224.159.239,8443,true,LAX,北美洲,美国洛杉矶,0 ms,42546 kB/s
104.224.155.109,443,true,LAX,北美洲,美国洛杉矶,14 ms,42522 kB/s
40.233.5.132,8443,true,QRO,北美洲,Queretaro,43 ms,42494 kB/s
93.179.114.166,10443,true,LAX,北美洲,美国洛杉矶,1 ms,42424 kB/s
104.224.154.190,20086,true,LAX,北美洲,美国洛杉矶,1 ms,42292 kB/s
65.49.218.243,443,true,LAX,北美洲,美国洛杉矶,7 ms,42005 kB/s
129.146.81.170,50008,true,LAX,北美洲,美国洛杉矶,10 ms,41749 kB/s
199.19.107.173,443,true,LAX,北美洲,美国洛杉矶,0 ms,41475 kB/s
97.64.29.11,443,true,LAX,北美洲,美国洛杉矶,1 ms,40789 kB/s
45.62.99.165,443,true,SJC,北美洲,美国圣何塞,20 ms,40787 kB/s
138.197.216.89,80,true,SJC,北美洲,美国圣何塞,14 ms,39576 kB/s
104.207.146.206,443,true,MIA,北美洲,迈阿密,70 ms,39482 kB/s
93.179.114.121,443,true,LAX,北美洲,美国洛杉矶,1 ms,39462 kB/s
165.227.119.36,2082,true,EWR,北美洲,美国纽瓦克,65 ms,39279 kB/s
65.49.203.14,443,true,LAX,北美洲,美国洛杉矶,1 ms,39161 kB/s
104.207.151.11,8443,true,SJC,北美洲,美国圣何塞,12 ms,39077 kB/s
172.235.49.135,17973,true,LAX,北美洲,美国洛杉矶,1 ms,38582 kB/s
104.194.66.173,60030,true,IAD,北美洲,美国阿什伯恩,14 ms,37774 kB/s
129.212.179.164,2021,true,ATL,北美洲,亚特兰大,47 ms,37716 kB/s
192.243.113.150,2053,true,LAX,北美洲,美国洛杉矶,1 ms,37550 kB/s
144.34.230.37,443,true,LAX,北美洲,美国洛杉矶,1 ms,37278 kB/s
149.28.11.68,55555,true,SEA,北美洲,Seattle,29 ms,37230 kB/s
64.23.244.95,443,true,SJC,北美洲,美国圣何塞,13 ms,37085 kB/s
66.112.208.37,443,true,LAX,北美洲,美国洛杉矶,1 ms,37064 kB/s
45.62.107.226,443,true,SJC,北美洲,美国圣何塞,12 ms,36510 kB/s
209.38.62.93,2082,true,EWR,北美洲,美国纽瓦克,65 ms,36477 kB/s
104.224.157.64,49200,true,LAX,北美洲,美国洛杉矶,0 ms,35659 kB/s
89.208.249.11,49899,true,LAX,北美洲,美国洛杉矶,3 ms,34934 kB/s
45.32.210.244,443,true,ATL,北美洲,亚特兰大,50 ms,34053 kB/s
129.153.70.168,4433,true,LAX,北美洲,美国洛杉矶,25 ms,33769 kB/s
104.243.24.63,8443,true,LAX,北美洲,美国洛杉矶,11 ms,33367 kB/s
144.34.229.14,443,true,LAX,北美洲,美国洛杉矶,1 ms,33319 kB/s
45.62.101.243,2201,true,LAX,北美洲,美国洛杉矶,9 ms,33054 kB/s
216.128.134.116,443,true,DFW,北美洲,Dallas,32 ms,32735 kB/s
45.62.110.186,443,true,SJC,北美洲,美国圣何塞,11 ms,32511 kB/s
144.202.56.13,443,true,ORD,北美洲,芝加哥,54 ms,32157 kB/s
172.96.245.40,10778,true,CDG,欧洲,法国巴黎,1 ms,32118 kB/s
144.34.233.47,443,true,LAX,北美洲,美国洛杉矶,1 ms,32014 kB/s
150.136.254.79,443,true,IAD,北美洲,美国阿什伯恩,60 ms,31500 kB/s
129.158.42.112,50008,true,IAD,北美洲,美国阿什伯恩,64 ms,30566 kB/s
129.213.127.241,50008,true,IAD,北美洲,美国阿什伯恩,63 ms,29902 kB/s
209.38.79.110,443,true,SJC,北美洲,美国圣何塞,14 ms,29497 kB/s
216.128.131.78,9443,true,DFW,北美洲,Dallas,32 ms,29012 kB/s
208.167.245.42,443,true,EWR,北美洲,美国纽瓦克,66 ms,28474 kB/s
149.28.21.222,443,true,NRT,亚太,日本东京,107 ms,28058 kB/s
129.212.179.164,2040,true,ATL,北美洲,亚特兰大,46 ms,27447 kB/s
167.71.243.238,21857,true,EWR,北美洲,美国纽瓦克,65 ms,27218 kB/s
173.199.115.171,443,true,EWR,北美洲,美国纽瓦克,66 ms,27081 kB/s
45.76.208.123,2053,true,NRT,亚太,日本东京,107 ms,26878 kB/s
64.176.36.17,443,true,KIX,亚太,大阪,107 ms,26774 kB/s
45.77.206.201,443,true,EWR,北美洲,美国纽瓦克,71 ms,26563 kB/s
207.246.120.229,443,true,EWR,北美洲,美国纽瓦克,66 ms,26432 kB/s
165.232.146.234,2096,true,SJC,北美洲,美国圣何塞,24 ms,26375 kB/s
207.246.94.121,443,true,EWR,北美洲,美国纽瓦克,64 ms,26290 kB/s
64.176.42.125,10001,true,KIX,亚太,大阪,104 ms,26086 kB/s
64.176.210.187,443,true,EWR,北美洲,美国纽瓦克,74 ms,26066 kB/s
161.35.185.82,2012,true,EWR,北美洲,美国纽瓦克,85 ms,25118 kB/s
107.191.41.10,4431,true,EWR,北美洲,美国纽瓦克,70 ms,24471 kB/s
141.147.157.157,8443,true,KIX,亚太,大阪,104 ms,24432 kB/s
104.160.44.132,2000,true,LAX,北美洲,美国洛杉矶,1 ms,24422 kB/s
159.65.67.167,4443,true,SJC,北美洲,美国圣何塞,13 ms,24354 kB/s
192.18.136.12,443,true,SJC,北美洲,美国圣何塞,10 ms,23791 kB/s
45.55.147.6,443,true,EWR,北美洲,美国纽瓦克,69 ms,23425 kB/s
149.28.62.21,443,true,EWR,北美洲,美国纽瓦克,65 ms,23418 kB/s
216.238.79.72,443,true,DFW,北美洲,Dallas,71 ms,23157 kB/s
64.176.52.169,443,true,KIX,亚太,大阪,113 ms,23150 kB/s
144.34.239.81,443,true,LAX,北美洲,美国洛杉矶,1 ms,23077 kB/s
146.235.229.194,7777,true,SJC,北美洲,美国圣何塞,10 ms,22858 kB/s
150.136.52.121,50008,true,IAD,北美洲,美国阿什伯恩,63 ms,22277 kB/s
131.186.26.191,20011,true,ICN,亚太,韩国首尔,139 ms,22034 kB/s
40.233.110.251,443,true,YYZ,北美洲,加拿大多伦多,62 ms,21999 kB/s
131.186.26.191,20049,true,ICN,亚太,韩国首尔,132 ms,21975 kB/s
143.244.190.195,443,true,SJC,北美洲,美国圣何塞,16 ms,21948 kB/s
50.116.19.108,8081,true,DFW,北美洲,Dallas,34 ms,21904 kB/s
67.209.183.236,443,true,LAX,北美洲,美国洛杉矶,1 ms,21873 kB/s
131.186.26.191,20067,true,ICN,亚太,韩国首尔,130 ms,21297 kB/s
207.246.86.93,443,true,EWR,北美洲,美国纽瓦克,78 ms,21007 kB/s
108.61.89.189,9898,true,EWR,北美洲,美国纽瓦克,62 ms,20882 kB/s
45.76.1.6,9443,true,EWR,北美洲,美国纽瓦克,71 ms,20759 kB/s
140.83.82.88,5443,true,KIX,亚太,大阪,104 ms,20742 kB/s
131.186.26.191,20025,true,ICN,亚太,韩国首尔,138 ms,20653 kB/s
131.186.26.191,20023,true,ICN,亚太,韩国首尔,139 ms,20633 kB/s
131.186.26.191,20090,true,ICN,亚太,韩国首尔,142 ms,20346 kB/s
45.76.232.169,22711,true,DFW,北美洲,Dallas,31 ms,20331 kB/s
131.186.26.191,20057,true,ICN,亚太,韩国首尔,146 ms,20169 kB/s
140.83.57.114,25965,true,KIX,亚太,大阪,103 ms,20116 kB/s
140.82.57.251,8443,true,AMS,欧洲,荷兰阿姆斯特丹,146 ms,19995 kB/s
217.69.0.202,443,true,CDG,欧洲,法国巴黎,144 ms,19908 kB/s
45.77.63.38,443,true,CDG,欧洲,法国巴黎,141 ms,19748 kB/s
129.146.174.117,443,true,LAX,北美洲,美国洛杉矶,9 ms,19700 kB/s
149.28.47.248,8898,true,EWR,北美洲,美国纽瓦克,67 ms,19619 kB/s
131.186.26.191,20082,true,ICN,亚太,韩国首尔,130 ms,19271 kB/s
131.186.26.191,20084,true,ICN,亚太,韩国首尔,130 ms,19237 kB/s
209.38.156.55,443,true,SJC,北美洲,美国圣何塞,19 ms,19122 kB/s
172.233.45.69,2054,true,AMS,欧洲,荷兰阿姆斯特丹,148 ms,18802 kB/s
104.248.130.109,2083,true,FRA,欧洲,德国法兰克福,145 ms,18794 kB/s
138.2.227.77,7777,true,SJC,北美洲,美国圣何塞,11 ms,18696 kB/s
150.230.192.48,29876,true,NRT,亚太,日本东京,101 ms,18650 kB/s
95.179.252.192,3023,true,FRA,欧洲,德国法兰克福,152 ms,18526 kB/s
96.126.112.12,38298,true,DFW,北美洲,Dallas,34 ms,18487 kB/s
209.250.234.251,442,true,FRA,欧洲,德国法兰克福,156 ms,18424 kB/s
138.2.10.149,45638,true,NRT,亚太,日本东京,100 ms,18273 kB/s
131.186.26.191,20001,true,ICN,亚太,韩国首尔,130 ms,18180 kB/s
64.176.181.151,81,true,MAN,欧洲,英国曼彻斯特,147 ms,17974 kB/s
209.250.250.230,442,true,AMS,欧洲,荷兰阿姆斯特丹,145 ms,17858 kB/s
206.189.250.230,2096,true,FRA,欧洲,德国法兰克福,141 ms,17847 kB/s
95.179.166.172,442,true,FRA,欧洲,德国法兰克福,154 ms,17659 kB/s
74.121.148.216,2443,true,EWR,北美洲,美国纽瓦克,66 ms,17571 kB/s
131.186.26.191,20043,true,ICN,亚太,韩国首尔,131 ms,17537 kB/s
45.76.37.181,443,true,AMS,欧洲,荷兰阿姆斯特丹,157 ms,17535 kB/s
95.179.244.41,442,true,FRA,欧洲,德国法兰克福,152 ms,17496 kB/s
67.230.173.3,7523,true,LAX,北美洲,美国洛杉矶,1 ms,17096 kB/s
199.247.18.60,8443,true,FRA,欧洲,德国法兰克福,150 ms,16972 kB/s
104.248.130.109,2096,true,FRA,欧洲,德国法兰克福,155 ms,16837 kB/s
209.250.255.90,443,true,AMS,欧洲,荷兰阿姆斯特丹,155 ms,16663 kB/s
147.182.229.237,443,true,SJC,北美洲,美国圣何塞,16 ms,16646 kB/s
144.168.56.119,40864,true,LAX,北美洲,美国洛杉矶,2 ms,16589 kB/s
172.105.26.112,2443,true,YYZ,北美洲,加拿大多伦多,60 ms,16370 kB/s
144.202.39.117,443,true,MIA,北美洲,迈阿密,74 ms,16338 kB/s
192.248.182.163,442,true,FRA,欧洲,德国法兰克福,152 ms,16182 kB/s
45.32.155.77,442,true,FRA,欧洲,德国法兰克福,148 ms,16165 kB/s
141.147.159.250,443,true,KIX,亚太,大阪,103 ms,16108 kB/s
72.14.179.172,443,true,DFW,北美洲,Dallas,33 ms,16068 kB/s
141.147.178.249,37043,true,NRT,亚太,日本东京,101 ms,15881 kB/s
172.238.21.194,443,true,NRT,亚太,日本东京,118 ms,15836 kB/s
65.20.102.207,9443,true,MAD,欧洲,西班牙马德里,151 ms,15659 kB/s
80.240.19.46,442,true,FRA,欧洲,德国法兰克福,153 ms,15465 kB/s
64.176.55.11,29999,true,KIX,亚太,大阪,103 ms,15397 kB/s
23.106.135.103,27015,true,KIX,亚太,大阪,117 ms,15383 kB/s
45.76.89.202,443,true,FRA,欧洲,德国法兰克福,154 ms,15359 kB/s
137.184.228.85,443,true,SJC,北美洲,美国圣何塞,14 ms,15300 kB/s
95.179.161.237,442,true,FRA,欧洲,德国法兰克福,153 ms,15270 kB/s
158.101.152.6,2919,true,NRT,亚太,日本东京,100 ms,15237 kB/s
64.176.60.52,8443,true,KIX,亚太,大阪,104 ms,15114 kB/s
140.238.5.75,13644,true,ICN,亚太,韩国首尔,140 ms,15109 kB/s
45.63.30.102,443,true,SYD,大洋洲,澳大利亚悉尼,154 ms,14903 kB/s
72.14.179.172,2060,true,DFW,北美洲,Dallas,33 ms,14672 kB/s
172.232.195.7,8080,true,MXP,欧洲,意大利米兰,151 ms,14669 kB/s
131.186.26.191,20054,true,ICN,亚太,韩国首尔,136 ms,14563 kB/s
202.182.116.249,8443,true,NRT,亚太,日本东京,107 ms,14425 kB/s
172.234.249.121,443,true,SEA,北美洲,Seattle,30 ms,14341 kB/s
206.189.250.230,443,true,FRA,欧洲,德国法兰克福,145 ms,14332 kB/s
206.189.250.230,2087,true,FRA,欧洲,德国法兰克福,152 ms,14266 kB/s
95.179.142.54,443,true,AMS,欧洲,荷兰阿姆斯特丹,149 ms,14230 kB/s
144.24.67.138,25282,true,ICN,亚太,韩国首尔,243 ms,14193 kB/s
167.179.110.68,8443,true,NRT,亚太,日本东京,107 ms,13816 kB/s
136.244.105.89,82,true,AMS,欧洲,荷兰阿姆斯特丹,149 ms,13714 kB/s
45.32.55.253,443,true,NRT,亚太,日本东京,116 ms,13568 kB/s
193.122.109.52,3306,true,ICN,亚太,韩国首尔,129 ms,13120 kB/s
140.238.6.226,44444,true,ICN,亚太,韩国首尔,136 ms,13056 kB/s
140.83.54.126,34237,true,KIX,亚太,大阪,109 ms,12982 kB/s
131.186.57.147,443,true,NRT,亚太,日本东京,101 ms,12962 kB/s
158.247.250.157,81,true,ICN,亚太,韩国首尔,140 ms,12958 kB/s
157.230.28.94,8443,true,FRA,欧洲,德国法兰克福,161 ms,12954 kB/s
131.186.58.26,443,true,NRT,亚太,日本东京,100 ms,12830 kB/s
131.186.26.191,20000,true,ICN,亚太,韩国首尔,130 ms,12708 kB/s
172.233.57.56,2083,true,AMS,欧洲,荷兰阿姆斯特丹,146 ms,12602 kB/s
188.166.118.252,443,true,AMS,欧洲,荷兰阿姆斯特丹,159 ms,12594 kB/s
172.236.212.216,2054,true,FRA,欧洲,德国法兰克福,153 ms,12546 kB/s
24.144.122.161,9443,true,EWR,北美洲,美国纽瓦克,66 ms,12500 kB/s
157.230.103.183,443,true,FRA,欧洲,德国法兰克福,154 ms,12351 kB/s
138.2.15.77,443,true,NRT,亚太,日本东京,101 ms,12322 kB/s
138.2.45.232,443,true,KIX,亚太,大阪,106 ms,12231 kB/s
178.128.248.52,443,true,AMS,欧洲,荷兰阿姆斯特丹,145 ms,12171 kB/s
129.154.48.176,36355,true,ICN,亚太,韩国首尔,131 ms,12105 kB/s
129.153.31.157,50008,true,IAD,北美洲,美国阿什伯恩,62 ms,12102 kB/s
132.145.88.82,38066,true,ICN,亚太,韩国首尔,130 ms,12091 kB/s
159.65.39.127,4443,true,EWR,北美洲,美国纽瓦克,69 ms,12066 kB/s
46.101.110.83,443,true,FRA,欧洲,德国法兰克福,151 ms,12041 kB/s
131.186.26.191,20064,true,ICN,亚太,韩国首尔,142 ms,12022 kB/s
64.110.70.205,23022,true,ICN,亚太,韩国首尔,138 ms,12016 kB/s
64.110.77.195,443,true,ICN,亚太,韩国首尔,130 ms,11998 kB/s
131.186.26.191,20041,true,ICN,亚太,韩国首尔,132 ms,11987 kB/s
131.186.26.191,20093,true,ICN,亚太,韩国首尔,139 ms,11947 kB/s
131.186.26.191,20031,true,ICN,亚太,韩国首尔,136 ms,11864 kB/s
198.13.54.143,5001,true,NRT,亚太,日本东京,107 ms,11862 kB/s
131.186.24.124,587,true,ICN,亚太,韩国首尔,138 ms,11752 kB/s
74.121.149.15,443,true,EWR,北美洲,美国纽瓦克,66 ms,11712 kB/s
132.145.91.181,8443,true,ICN,亚太,韩国首尔,140 ms,11667 kB/s
206.190.239.107,8080,true,KIX,亚太,大阪,118 ms,11596 kB/s
141.147.173.142,443,true,NRT,亚太,日本东京,102 ms,11514 kB/s
131.186.26.191,20052,true,ICN,亚太,韩国首尔,138 ms,11469 kB/s
131.186.26.191,20086,true,ICN,亚太,韩国首尔,130 ms,11448 kB/s
40.233.99.248,443,true,YYZ,北美洲,加拿大多伦多,65 ms,11430 kB/s
157.230.122.217,34697,true,FRA,欧洲,德国法兰克福,146 ms,11429 kB/s
188.166.4.120,98,true,AMS,欧洲,荷兰阿姆斯特丹,143 ms,11377 kB/s
159.89.240.210,8890,true,EWR,北美洲,美国纽瓦克,65 ms,11373 kB/s
131.186.26.191,20094,true,ICN,亚太,韩国首尔,142 ms,11299 kB/s
45.78.55.214,443,true,KIX,亚太,大阪,126 ms,11219 kB/s
136.244.76.3,8081,true,LHR,欧洲,英国伦敦,136 ms,11203 kB/s
131.186.26.191,20056,true,ICN,亚太,韩国首尔,135 ms,11161 kB/s
152.69.197.207,443,true,KIX,亚太,大阪,105 ms,11126 kB/s
132.226.232.191,56789,true,ICN,亚太,韩国首尔,138 ms,11087 kB/s
146.56.42.33,10086,true,ICN,亚太,韩国首尔,130 ms,11077 kB/s
132.145.81.119,9002,true,ICN,亚太,韩国首尔,130 ms,11074 kB/s
146.56.107.191,27015,true,ICN,亚太,韩国首尔,133 ms,11065 kB/s
193.123.236.90,2094,true,ICN,亚太,韩国首尔,133 ms,11053 kB/s
138.2.49.197,587,true,KIX,亚太,大阪,133 ms,11052 kB/s
131.186.26.191,20061,true,ICN,亚太,韩国首尔,129 ms,11023 kB/s
167.99.122.29,9999,true,EWR,北美洲,美国纽瓦克,65 ms,11021 kB/s
45.77.65.177,442,true,FRA,欧洲,德国法兰克福,144 ms,11012 kB/s
70.34.252.113,9443,true,WAW,欧洲,波兰华沙,166 ms,10995 kB/s
134.98.129.38,443,true,FRA,欧洲,德国法兰克福,155 ms,10985 kB/s
167.179.78.128,9050,true,NRT,亚太,日本东京,107 ms,10960 kB/s
131.186.26.191,20044,true,ICN,亚太,韩国首尔,141 ms,10857 kB/s
158.247.195.13,2053,true,ICN,亚太,韩国首尔,146 ms,10844 kB/s
152.70.244.36,443,true,ICN,亚太,韩国首尔,130 ms,10820 kB/s
131.186.26.191,20032,true,ICN,亚太,韩国首尔,139 ms,10802 kB/s
164.92.189.63,433,true,FRA,欧洲,德国法兰克福,156 ms,10786 kB/s
192.243.127.224,443,true,KIX,亚太,大阪,115 ms,10762 kB/s
131.186.26.191,20080,true,ICN,亚太,韩国首尔,131 ms,10748 kB/s
142.93.72.112,8443,true,EWR,北美洲,美国纽瓦克,69 ms,10710 kB/s
64.176.181.151,82,true,MAN,欧洲,英国曼彻斯特,140 ms,10709 kB/s
131.186.26.191,20079,true,ICN,亚太,韩国首尔,137 ms,10706 kB/s
167.172.105.45,443,true,FRA,欧洲,德国法兰克福,148 ms,10669 kB/s
64.176.42.125,10008,true,KIX,亚太,大阪,103 ms,10587 kB/s
45.32.49.72,6443,true,NRT,亚太,日本东京,108 ms,10519 kB/s
136.244.105.89,83,true,AMS,欧洲,荷兰阿姆斯特丹,149 ms,10501 kB/s
132.145.217.215,11082,true,IAD,北美洲,美国阿什伯恩,56 ms,10500 kB/s
209.38.33.95,443,true,AMS,欧洲,荷兰阿姆斯特丹,149 ms,10464 kB/s
134.122.60.51,2083,true,AMS,欧洲,荷兰阿姆斯特丹,148 ms,10461 kB/s
45.77.57.121,443,true,LHR,欧洲,英国伦敦,136 ms,10445 kB/s
95.179.178.122,443,true,AMS,欧洲,荷兰阿姆斯特丹,147 ms,10434 kB/s
209.38.36.214,443,true,AMS,欧洲,荷兰阿姆斯特丹,151 ms,10427 kB/s
136.244.80.245,443,true,FRA,欧洲,德国法兰克福,149 ms,10402 kB/s
158.247.195.13,8443,true,ICN,亚太,韩国首尔,138 ms,10398 kB/s
40.233.103.212,443,true,YYZ,北美洲,加拿大多伦多,68 ms,10375 kB/s
46.101.189.240,443,true,FRA,欧洲,德国法兰克福,156 ms,10372 kB/s
23.106.131.104,6060,true,KIX,亚太,大阪,118 ms,10323 kB/s
192.248.179.56,442,true,FRA,欧洲,德国法兰克福,157 ms,10249 kB/s
209.38.221.158,1142,true,FRA,欧洲,德国法兰克福,149 ms,10243 kB/s
132.226.237.254,8443,true,ICN,亚太,韩国首尔,136 ms,10207 kB/s
74.82.199.200,10344,true,NRT,亚太,日本东京,110 ms,10152 kB/s
159.65.185.43,1001,true,EWR,北美洲,美国纽瓦克,68 ms,10151 kB/s
140.245.48.42,443,true,SIN,亚太,新加坡,174 ms,10127 kB/s
130.61.51.100,8443,true,FRA,欧洲,德国法兰克福,140 ms,10119 kB/s
131.186.26.191,20007,true,ICN,亚太,韩国首尔,138 ms,10117 kB/s
158.247.195.13,4443,true,ICN,亚太,韩国首尔,145 ms,10108 kB/s
158.247.232.7,8080,true,ICN,亚太,韩国首尔,139 ms,10105 kB/s
150.230.206.204,443,true,NRT,亚太,日本东京,101 ms,10092 kB/s
141.147.183.49,29876,true,NRT,亚太,日本东京,101 ms,10076 kB/s
164.92.208.177,433,true,AMS,欧洲,荷兰阿姆斯特丹,151 ms,10072 kB/s
104.248.130.109,2053,true,FRA,欧洲,德国法兰克福,144 ms,10055 kB/s
70.34.213.214,443,true,ARN,欧洲,瑞典斯德哥尔摩,150 ms,9989 kB/s
132.226.2.155,1443,true,NRT,亚太,日本东京,101 ms,9976 kB/s
104.238.186.251,2075,true,LHR,欧洲,英国伦敦,136 ms,9975 kB/s
217.142.250.195,587,true,KIX,亚太,大阪,114 ms,9971 kB/s
162.211.228.36,33013,true,AMS,欧洲,荷兰阿姆斯特丹,152 ms,9964 kB/s
45.76.183.217,49292,true,SIN,亚太,新加坡,195 ms,9964 kB/s
143.198.171.62,443,true,EWR,北美洲,美国纽瓦克,69 ms,9953 kB/s
65.20.111.119,443,true,MAD,欧洲,西班牙马德里,163 ms,9905 kB/s
136.244.88.212,443,true,FRA,欧洲,德国法兰克福,166 ms,9888 kB/s
139.144.17.244,8443,true,ATL,北美洲,亚特兰大,47 ms,9883 kB/s
193.122.114.82,443,true,ICN,亚太,韩国首尔,130 ms,9864 kB/s
140.245.53.210,8800,true,SIN,亚太,新加坡,176 ms,9847 kB/s
155.248.184.195,80,true,NRT,亚太,日本东京,101 ms,9844 kB/s
178.62.206.22,443,true,AMS,欧洲,荷兰阿姆斯特丹,147 ms,9823 kB/s
136.244.80.24,8443,true,FRA,欧洲,德国法兰克福,153 ms,9814 kB/s
146.56.182.217,54266,true,ICN,亚太,韩国首尔,138 ms,9752 kB/s
45.76.177.77,6003,true,SIN,亚太,新加坡,171 ms,9739 kB/s
152.69.199.70,8443,true,KIX,亚太,大阪,104 ms,9735 kB/s
206.189.250.230,2083,true,FRA,欧洲,德国法兰克福,150 ms,9713 kB/s
80.240.20.43,443,true,FRA,欧洲,德国法兰克福,144 ms,9705 kB/s
131.186.26.191,20092,true,ICN,亚太,韩国首尔,133 ms,9692 kB/s
212.50.253.184,33033,true,KIX,亚太,大阪,120 ms,9689 kB/s
45.32.154.115,442,true,FRA,欧洲,德国法兰克福,145 ms,9666 kB/s
206.190.233.114,443,true,KIX,亚太,大阪,123 ms,9645 kB/s
167.99.142.124,443,true,FRA,欧洲,德国法兰克福,156 ms,9628 kB/s
164.90.205.222,8443,true,AMS,欧洲,荷兰阿姆斯特丹,154 ms,9608 kB/s
64.176.73.77,443,true,WAW,欧洲,波兰华沙,169 ms,9566 kB/s
150.230.204.21,10243,true,NRT,亚太,日本东京,101 ms,9563 kB/s
199.247.25.52,80,true,AMS,欧洲,荷兰阿姆斯特丹,147 ms,9524 kB/s
45.77.53.115,80,true,FRA,欧洲,德国法兰克福,145 ms,9474 kB/s
45.76.82.192,443,true,FRA,欧洲,德国法兰克福,148 ms,9423 kB/s
164.92.203.99,443,true,FRA,欧洲,德国法兰克福,144 ms,9345 kB/s
95.179.236.51,443,true,LHR,欧洲,英国伦敦,138 ms,9332 kB/s
150.230.214.52,443,true,NRT,亚太,日本东京,101 ms,9319 kB/s
45.76.177.77,6001,true,SIN,亚太,新加坡,192 ms,9224 kB/s
188.166.117.116,2053,true,AMS,欧洲,荷兰阿姆斯特丹,153 ms,9220 kB/s
178.128.140.174,8080,true,AMS,欧洲,荷兰阿姆斯特丹,154 ms,9217 kB/s
95.179.185.242,442,true,AMS,欧洲,荷兰阿姆斯特丹,138 ms,9143 kB/s
65.20.106.237,443,true,MAD,欧洲,西班牙马德里,149 ms,9133 kB/s
45.32.49.72,9443,true,NRT,亚太,日本东京,107 ms,9087 kB/s
174.138.61.88,2087,true,EWR,北美洲,美国纽瓦克,66 ms,9062 kB/s
152.67.211.114,58337,true,ICN,亚太,韩国首尔,243 ms,9014 kB/s
134.98.159.146,8080,true,AMS,欧洲,荷兰阿姆斯特丹,139 ms,8976 kB/s
45.32.239.132,443,true,AMS,欧洲,荷兰阿姆斯特丹,150 ms,8963 kB/s
23.106.132.54,443,true,KIX,亚太,大阪,123 ms,8955 kB/s
150.136.61.82,8443,true,EWR,北美洲,美国纽瓦克,63 ms,8929 kB/s
212.50.251.250,2347,true,KIX,亚太,大阪,119 ms,8919 kB/s
64.176.168.63,2443,true,TLV,中东,以色列特拉维夫,209 ms,8893 kB/s
45.77.52.31,80,true,FRA,欧洲,德国法兰克福,150 ms,8878 kB/s
192.248.186.10,8443,true,FRA,欧洲,德国法兰克福,175 ms,8868 kB/s
68.183.149.43,1002,true,EWR,北美洲,美国纽瓦克,69 ms,8854 kB/s
70.34.244.250,27000,true,WAW,欧洲,波兰华沙,165 ms,8767 kB/s
70.34.252.113,8443,true,WAW,欧洲,波兰华沙,173 ms,8763 kB/s
206.189.250.230,2053,true,FRA,欧洲,德国法兰克福,153 ms,8753 kB/s
167.99.211.130,8443,true,AMS,欧洲,荷兰阿姆斯特丹,161 ms,8741 kB/s
139.162.102.152,7002,true,NRT,亚太,日本东京,113 ms,8734 kB/s
70.34.205.63,443,true,ARN,欧洲,瑞典斯德哥尔摩,144 ms,8730 kB/s
70.34.207.78,443,true,ARN,欧洲,瑞典斯德哥尔摩,149 ms,8707 kB/s
188.166.120.40,2053,true,AMS,欧洲,荷兰阿姆斯特丹,157 ms,8701 kB/s
70.34.244.250,12531,true,WAW,欧洲,波兰华沙,170 ms,8664 kB/s
134.98.152.9,443,true,MUC,欧洲,Munich,160 ms,8645 kB/s
95.179.244.65,442,true,FRA,欧洲,德国法兰克福,154 ms,8644 kB/s
78.141.220.237,8081,true,AMS,欧洲,荷兰阿姆斯特丹,152 ms,8635 kB/s
64.176.72.98,442,true,WAW,欧洲,波兰华沙,171 ms,8635 kB/s
104.248.130.109,443,true,FRA,欧洲,德国法兰克福,150 ms,8586 kB/s
70.34.223.217,8443,true,ARN,欧洲,瑞典斯德哥尔摩,164 ms,8476 kB/s
209.38.240.63,443,true,FRA,欧洲,德国法兰克福,154 ms,8473 kB/s
167.71.253.191,443,true,EWR,北美洲,美国纽瓦克,65 ms,8431 kB/s
159.65.185.43,1002,true,EWR,北美洲,美国纽瓦克,69 ms,8396 kB/s
146.190.55.58,443,true,SJC,北美洲,美国圣何塞,13 ms,8394 kB/s
209.38.169.61,2082,true,LHR,欧洲,英国伦敦,135 ms,8388 kB/s
95.179.164.162,8443,true,FRA,欧洲,德国法兰克福,155 ms,8341 kB/s
104.131.81.68,443,true,EWR,北美洲,美国纽瓦克,70 ms,8294 kB/s
137.184.67.164,2053,true,EWR,北美洲,美国纽瓦克,73 ms,8217 kB/s
167.71.47.237,443,true,FRA,欧洲,德国法兰克福,153 ms,8177 kB/s
162.211.229.18,443,true,AMS,欧洲,荷兰阿姆斯特丹,159 ms,8153 kB/s
167.71.253.191,80,true,EWR,北美洲,美国纽瓦克,65 ms,8115 kB/s
146.56.173.26,443,true,SIN,亚太,新加坡,192 ms,8114 kB/s
172.237.108.190,443,true,LHR,欧洲,英国伦敦,139 ms,8112 kB/s
178.128.148.242,443,true,EWR,北美洲,美国纽瓦克,70 ms,8077 kB/s
64.176.81.163,1443,true,SIN,亚太,新加坡,180 ms,8018 kB/s
129.212.143.186,443,true,FRA,欧洲,德国法兰克福,157 ms,8004 kB/s
45.76.111.190,443,true,NRT,亚太,日本东京,107 ms,7920 kB/s
207.148.99.230,443,true,NRT,亚太,日本东京,107 ms,7905 kB/s
162.211.229.55,49200,true,AMS,欧洲,荷兰阿姆斯特丹,155 ms,7898 kB/s
159.89.240.210,9999,true,EWR,北美洲,美国纽瓦克,64 ms,7806 kB/s
64.176.72.21,442,true,WAW,欧洲,波兰华沙,170 ms,7743 kB/s
159.65.42.212,2096,true,EWR,北美洲,美国纽瓦克,66 ms,7739 kB/s
172.235.235.154,8443,true,MXP,欧洲,意大利米兰,162 ms,7723 kB/s
152.67.153.143,12123,true,LHR,欧洲,英国伦敦,133 ms,7714 kB/s
45.78.31.147,27003,true,TPE,亚太,台北,144 ms,7708 kB/s
136.244.105.89,81,true,AMS,欧洲,荷兰阿姆斯特丹,144 ms,7680 kB/s
209.250.255.39,443,true,AMS,欧洲,荷兰阿姆斯特丹,156 ms,7666 kB/s
209.250.241.149,443,true,AMS,欧洲,荷兰阿姆斯特丹,150 ms,7661 kB/s
137.184.24.133,443,true,EWR,北美洲,美国纽瓦克,67 ms,7656 kB/s
185.239.70.241,443,true,AMS,欧洲,荷兰阿姆斯特丹,141 ms,7637 kB/s
129.212.171.116,443,true,FRA,欧洲,德国法兰克福,141 ms,7600 kB/s
129.154.215.121,443,true,ICN,亚太,韩国首尔,129 ms,7587 kB/s
178.62.242.239,443,true,AMS,欧洲,荷兰阿姆斯特丹,150 ms,7523 kB/s
209.38.36.214,8080,true,AMS,欧洲,荷兰阿姆斯特丹,148 ms,7520 kB/s
206.189.250.230,8443,true,FRA,欧洲,德国法兰克福,154 ms,7474 kB/s
162.211.230.135,443,true,AMS,欧洲,荷兰阿姆斯特丹,145 ms,7431 kB/s
209.38.12.25,2054,true,YYZ,北美洲,加拿大多伦多,66 ms,7348 kB/s
159.89.31.113,2053,true,FRA,欧洲,德国法兰克福,150 ms,7305 kB/s
65.20.102.207,8443,true,MAD,欧洲,西班牙马德里,151 ms,7280 kB/s
134.199.196.6,8443,true,ATL,北美洲,亚特兰大,47 ms,7273 kB/s
217.142.230.253,587,true,KIX,亚太,大阪,103 ms,7251 kB/s
134.122.52.0,443,true,AMS,欧洲,荷兰阿姆斯特丹,140 ms,7180 kB/s
165.227.130.123,443,true,FRA,欧洲,德国法兰克福,158 ms,7175 kB/s
74.121.151.220,443,true,EWR,北美洲,美国纽瓦克,69 ms,7171 kB/s
45.56.69.18,8443,true,DFW,北美洲,Dallas,32 ms,7098 kB/s
146.56.140.79,22561,true,ICN,亚太,韩国首尔,130 ms,7022 kB/s
158.247.195.13,2083,true,ICN,亚太,韩国首尔,143 ms,6985 kB/s
146.190.229.161,11619,true,AMS,欧洲,荷兰阿姆斯特丹,146 ms,6963 kB/s
164.92.157.255,443,true,AMS,欧洲,荷兰阿姆斯特丹,157 ms,6940 kB/s
161.33.6.149,443,true,KIX,亚太,大阪,103 ms,6908 kB/s
209.38.94.170,443,true,SYD,大洋洲,澳大利亚悉尼,154 ms,6839 kB/s
207.148.121.53,16443,true,SIN,亚太,新加坡,192 ms,6837 kB/s
143.198.26.186,8443,true,EWR,北美洲,美国纽瓦克,69 ms,6792 kB/s
209.38.253.130,443,true,FRA,欧洲,德国法兰克福,148 ms,6785 kB/s
158.180.44.146,443,true,FRA,欧洲,德国法兰克福,152 ms,6776 kB/s
140.245.43.148,16662,true,SIN,亚太,新加坡,172 ms,6756 kB/s
139.59.142.13,443,true,FRA,欧洲,德国法兰克福,147 ms,6733 kB/s
140.83.57.20,13118,true,KIX,亚太,大阪,113 ms,6713 kB/s
164.92.211.71,30003,true,AMS,欧洲,荷兰阿姆斯特丹,145 ms,6710 kB/s
152.67.197.197,19120,true,ICN,亚太,韩国首尔,132 ms,6695 kB/s
74.82.195.34,443,true,NRT,亚太,日本东京,109 ms,6675 kB/s
129.159.47.168,2053,true,SJC,北美洲,美国圣何塞,10 ms,6663 kB/s
140.245.97.193,443,true,SIN,亚太,新加坡,176 ms,6643 kB/s
64.181.227.82,443,true,SJC,北美洲,美国圣何塞,8 ms,6629 kB/s
162.243.60.108,443,true,EWR,北美洲,美国纽瓦克,65 ms,6579 kB/s
139.180.136.32,2443,true,SIN,亚太,新加坡,171 ms,6552 kB/s
64.227.68.201,443,true,AMS,欧洲,荷兰阿姆斯特丹,145 ms,6509 kB/s
144.24.13.125,2024,true,LAX,北美洲,美国洛杉矶,10 ms,6469 kB/s
206.81.26.62,44322,true,FRA,欧洲,德国法兰克福,149 ms,6462 kB/s
45.32.123.219,443,true,SIN,亚太,新加坡,185 ms,6460 kB/s
142.93.13.243,4443,true,EWR,北美洲,美国纽瓦克,69 ms,6444 kB/s
192.9.131.211,443,true,SJC,北美洲,美国圣何塞,11 ms,6435 kB/s
149.28.158.103,10030,true,SIN,亚太,新加坡,178 ms,6434 kB/s
140.245.57.184,8443,true,SIN,亚太,新加坡,178 ms,6422 kB/s
104.248.130.109,2087,true,FRA,欧洲,德国法兰克福,151 ms,6404 kB/s
129.146.254.25,443,true,LAX,北美洲,美国洛杉矶,10 ms,6383 kB/s
167.172.187.174,443,true,FRA,欧洲,德国法兰克福,155 ms,6359 kB/s
178.62.197.41,443,true,AMS,欧洲,荷兰阿姆斯特丹,147 ms,6346 kB/s
158.101.24.17,443,true,LAX,北美洲,美国洛杉矶,10 ms,6345 kB/s
64.176.38.219,443,true,KIX,亚太,大阪,103 ms,6340 kB/s
172.233.96.154,443,true,MAD,欧洲,西班牙马德里,154 ms,6335 kB/s
167.172.189.150,8443,true,FRA,欧洲,德国法兰克福,147 ms,6306 kB/s
165.22.79.90,443,true,FRA,欧洲,德国法兰克福,161 ms,6268 kB/s
64.176.170.3,5001,true,TLV,中东,以色列特拉维夫,196 ms,6259 kB/s
170.9.61.106,50008,true,SJC,北美洲,美国圣何塞,11 ms,6256 kB/s
134.209.71.141,2100,true,EWR,北美洲,美国纽瓦克,69 ms,6243 kB/s
146.235.231.239,443,true,SJC,北美洲,美国圣何塞,13 ms,6240 kB/s
158.101.21.57,2443,true,LAX,北美洲,美国洛杉矶,9 ms,6213 kB/s
130.162.157.70,443,true,SIN,亚太,新加坡,207 ms,6206 kB/s
172.233.163.38,443,true,MIA,北美洲,迈阿密,69 ms,6202 kB/s
64.181.247.243,443,true,SJC,北美洲,美国圣何塞,11 ms,6201 kB/s
64.176.167.253,443,true,TLV,中东,以色列特拉维夫,191 ms,6169 kB/s
163.192.49.221,50008,true,SJC,北美洲,美国圣何塞,10 ms,6153 kB/s
129.154.54.67,19567,true,ICN,亚太,韩国首尔,132 ms,6140 kB/s
129.146.198.253,28443,true,LAX,北美洲,美国洛杉矶,9 ms,6125 kB/s
129.146.249.198,443,true,LAX,北美洲,美国洛杉矶,10 ms,6121 kB/s
46.101.243.68,443,true,FRA,欧洲,德国法兰克福,143 ms,6109 kB/s
129.153.214.71,16666,true,LAX,北美洲,美国洛杉矶,10 ms,6107 kB/s
141.148.158.226,2053,true,LAX,北美洲,美国洛杉矶,10 ms,6103 kB/s
163.192.47.170,443,true,SJC,北美洲,美国圣何塞,8 ms,6097 kB/s
139.180.133.2,443,true,SIN,亚太,新加坡,181 ms,6077 kB/s
172.237.103.101,443,true,LHR,欧洲,英国伦敦,141 ms,6053 kB/s
164.92.211.71,41322,true,AMS,欧洲,荷兰阿姆斯特丹,147 ms,6052 kB/s
192.9.156.27,587,true,SJC,北美洲,美国圣何塞,11 ms,6045 kB/s
192.9.135.182,7800,true,SJC,北美洲,美国圣何塞,13 ms,6023 kB/s
206.189.102.57,443,true,AMS,欧洲,荷兰阿姆斯特丹,153 ms,6014 kB/s
143.47.96.200,443,true,IAD,北美洲,美国阿什伯恩,61 ms,6007 kB/s
149.28.159.222,443,true,SIN,亚太,新加坡,192 ms,6004 kB/s
170.9.4.21,443,true,SJC,北美洲,美国圣何塞,11 ms,5979 kB/s
131.186.26.191,20002,true,ICN,亚太,韩国首尔,140 ms,5975 kB/s
141.148.93.235,443,true,IAD,北美洲,美国阿什伯恩,58 ms,5973 kB/s
172.232.43.101,8443,true,CDG,欧洲,法国巴黎,140 ms,5967 kB/s
207.148.121.53,18443,true,SIN,亚太,新加坡,181 ms,5926 kB/s
131.186.26.191,20035,true,ICN,亚太,韩国首尔,131 ms,5909 kB/s
64.181.255.215,443,true,SJC,北美洲,美国圣何塞,8 ms,5905 kB/s
129.212.212.50,8443,true,AMS,欧洲,荷兰阿姆斯特丹,150 ms,5893 kB/s
159.54.185.117,7653,true,SJC,北美洲,美国圣何塞,9 ms,5874 kB/s
161.35.72.112,443,true,FRA,欧洲,德国法兰克福,152 ms,5873 kB/s
209.38.38.145,443,true,AMS,欧洲,荷兰阿姆斯特丹,148 ms,5862 kB/s
141.148.161.95,443,true,LAX,北美洲,美国洛杉矶,10 ms,5851 kB/s
129.213.126.80,4443,true,EWR,北美洲,美国纽瓦克,67 ms,5843 kB/s
209.38.181.123,443,true,FRA,欧洲,德国法兰克福,153 ms,5835 kB/s
144.24.84.212,49888,true,ICN,亚太,韩国首尔,135 ms,5834 kB/s
45.79.249.204,2086,true,FRA,欧洲,德国法兰克福,146 ms,5777 kB/s
192.18.136.86,9002,true,SJC,北美洲,美国圣何塞,9 ms,5748 kB/s
138.3.217.167,587,true,NRT,亚太,日本东京,102 ms,5735 kB/s
208.76.222.234,443,true,MAD,欧洲,西班牙马德里,146 ms,5725 kB/s
161.35.179.97,443,true,EWR,北美洲,美国纽瓦克,70 ms,5710 kB/s
95.179.161.115,442,true,FRA,欧洲,德国法兰克福,153 ms,5684 kB/s
131.186.26.191,20028,true,ICN,亚太,韩国首尔,130 ms,5617 kB/s
138.2.59.112,443,true,SJC,北美洲,美国圣何塞,104 ms,5617 kB/s
158.101.158.212,80,true,NRT,亚太,日本东京,106 ms,5614 kB/s
40.233.77.216,443,true,YYZ,北美洲,加拿大多伦多,66 ms,5609 kB/s
158.101.5.192,8443,true,LAX,北美洲,美国洛杉矶,9 ms,5594 kB/s
130.61.235.213,4090,true,FRA,欧洲,德国法兰克福,151 ms,5594 kB/s
140.82.57.251,9443,true,AMS,欧洲,荷兰阿姆斯特丹,152 ms,5593 kB/s
143.47.106.36,4443,true,IAD,北美洲,美国阿什伯恩,63 ms,5573 kB/s
128.199.41.142,8443,true,AMS,欧洲,荷兰阿姆斯特丹,150 ms,5563 kB/s
64.110.109.243,8223,true,KIX,亚太,大阪,103 ms,5560 kB/s
158.101.80.84,443,true,NRT,亚太,日本东京,101 ms,5557 kB/s
162.211.231.225,3443,true,AMS,欧洲,荷兰阿姆斯特丹,147 ms,5552 kB/s
162.211.230.243,443,true,AMS,欧洲,荷兰阿姆斯特丹,170 ms,5541 kB/s
131.186.26.191,20085,true,ICN,亚太,韩国首尔,140 ms,5538 kB/s
64.227.75.160,443,true,AMS,欧洲,荷兰阿姆斯特丹,143 ms,5538 kB/s
167.71.187.216,2233,true,EWR,北美洲,美国纽瓦克,69 ms,5538 kB/s
129.154.223.89,15800,true,ICN,亚太,韩国首尔,131 ms,5537 kB/s
158.101.146.3,44872,true,NRT,亚太,日本东京,101 ms,5534 kB/s
155.248.176.40,7443,true,NRT,亚太,日本东京,101 ms,5520 kB/s
138.2.18.82,8880,true,NRT,亚太,日本东京,100 ms,5517 kB/s
129.159.34.196,443,true,SJC,北美洲,美国圣何塞,13 ms,5515 kB/s
146.190.79.181,443,true,EWR,北美洲,美国纽瓦克,69 ms,5513 kB/s
45.77.35.218,443,true,SIN,亚太,新加坡,176 ms,5481 kB/s
131.186.26.191,20037,true,ICN,亚太,韩国首尔,133 ms,5474 kB/s
104.248.204.227,8443,true,AMS,欧洲,荷兰阿姆斯特丹,152 ms,5472 kB/s
164.90.231.80,8080,true,FRA,欧洲,德国法兰克福,152 ms,5470 kB/s
188.166.79.180,443,true,AMS,欧洲,荷兰阿姆斯特丹,149 ms,5468 kB/s
146.56.140.79,44699,true,ICN,亚太,韩国首尔,130 ms,5463 kB/s
136.244.95.103,8443,true,FRA,欧洲,德国法兰克福,144 ms,5454 kB/s
64.110.109.243,7443,true,KIX,亚太,大阪,104 ms,5426 kB/s
95.179.140.212,443,true,AMS,欧洲,荷兰阿姆斯特丹,156 ms,5411 kB/s
168.138.45.233,1169,true,KIX,亚太,大阪,114 ms,5408 kB/s
64.110.105.217,8800,true,KIX,亚太,大阪,104 ms,5405 kB/s
168.138.197.147,12345,true,NRT,亚太,日本东京,100 ms,5403 kB/s
161.33.190.243,443,true,NRT,亚太,日本东京,101 ms,5403 kB/s
140.83.86.166,443,true,KIX,亚太,大阪,129 ms,5391 kB/s
129.80.242.71,2083,true,IAD,北美洲,美国阿什伯恩,65 ms,5387 kB/s
79.76.56.219,443,true,ARN,欧洲,瑞典斯德哥尔摩,166 ms,5380 kB/s
172.236.29.136,443,true,LHR,欧洲,英国伦敦,144 ms,5379 kB/s
141.147.185.63,443,true,NRT,亚太,日本东京,100 ms,5373 kB/s
172.232.139.158,443,true,ARN,欧洲,瑞典斯德哥尔摩,158 ms,5373 kB/s
150.136.56.43,2083,true,IAD,北美洲,美国阿什伯恩,60 ms,5360 kB/s
139.180.159.133,443,true,SIN,亚太,新加坡,180 ms,5356 kB/s
152.70.101.24,16992,true,NRT,亚太,日本东京,101 ms,5356 kB/s
23.106.143.52,443,true,KIX,亚太,大阪,117 ms,5354 kB/s
193.123.161.116,443,true,NRT,亚太,日本东京,101 ms,5343 kB/s
158.101.145.82,443,true,NRT,亚太,日本东京,101 ms,5334 kB/s
168.138.212.80,443,true,NRT,亚太,日本东京,100 ms,5331 kB/s
150.230.214.172,16957,true,NRT,亚太,日本东京,101 ms,5323 kB/s
206.81.18.247,9443,true,FRA,欧洲,德国法兰克福,153 ms,5319 kB/s
138.2.26.118,20020,true,NRT,亚太,日本东京,100 ms,5318 kB/s
138.2.29.119,443,true,NRT,亚太,日本东京,111 ms,5310 kB/s
131.186.38.156,8443,true,NRT,亚太,日本东京,110 ms,5297 kB/s
209.38.97.3,8443,true,AMS,欧洲,荷兰阿姆斯特丹,149 ms,5296 kB/s
64.225.66.79,12443,true,AMS,欧洲,荷兰阿姆斯特丹,140 ms,5273 kB/s
167.71.66.234,9443,true,AMS,欧洲,荷兰阿姆斯特丹,142 ms,5268 kB/s
158.179.176.239,443,true,NRT,亚太,日本东京,100 ms,5267 kB/s
140.83.83.65,9872,true,KIX,亚太,大阪,104 ms,5258 kB/s
150.230.5.126,443,true,KIX,亚太,大阪,132 ms,5253 kB/s
152.70.39.27,56789,true,ICN,亚太,韩国首尔,132 ms,5251 kB/s
217.142.138.61,37914,true,ICN,亚太,韩国首尔,130 ms,5236 kB/s
152.70.101.24,16001,true,NRT,亚太,日本东京,101 ms,5235 kB/s
150.230.5.34,45681,true,KIX,亚太,大阪,104 ms,5234 kB/s
140.238.9.171,50007,true,ICN,亚太,韩国首尔,140 ms,5225 kB/s
131.186.26.191,20024,true,ICN,亚太,韩国首尔,130 ms,5225 kB/s
138.2.59.96,10129,true,KIX,亚太,大阪,103 ms,5221 kB/s
152.70.89.135,587,true,ICN,亚太,韩国首尔,138 ms,5199 kB/s
138.2.48.109,26412,true,KIX,亚太,大阪,104 ms,5196 kB/s
130.162.225.253,443,true,FRA,欧洲,德国法兰克福,154 ms,5196 kB/s
188.166.14.125,98,true,AMS,欧洲,荷兰阿姆斯特丹,140 ms,5193 kB/s
150.230.196.57,2096,true,NRT,亚太,日本东京,101 ms,5191 kB/s
138.2.39.24,443,true,KIX,亚太,大阪,103 ms,5184 kB/s
138.2.39.24,12308,true,KIX,亚太,大阪,130 ms,5183 kB/s
172.236.187.52,443,true,BOM,亚太,印度孟买,260 ms,5176 kB/s
132.145.84.148,39567,true,ICN,亚太,韩国首尔,130 ms,5172 kB/s
45.77.51.185,80,true,SYD,大洋洲,澳大利亚悉尼,154 ms,5170 kB/s
132.145.90.204,8680,true,ICN,亚太,韩国首尔,130 ms,5164 kB/s
140.238.2.81,587,true,ICN,亚太,韩国首尔,130 ms,5154 kB/s
64.110.101.31,8443,true,KIX,亚太,大阪,113 ms,5146 kB/s
132.226.197.103,443,true,FRA,欧洲,德国法兰克福,148 ms,5126 kB/s
140.238.35.85,1443,true,NRT,亚太,日本东京,100 ms,5121 kB/s
172.236.21.122,8443,true,LHR,欧洲,英国伦敦,141 ms,5117 kB/s
138.2.115.214,587,true,ICN,亚太,韩国首尔,134 ms,5117 kB/s
64.110.98.1,30000,true,KIX,亚太,大阪,113 ms,5097 kB/s
138.2.5.136,443,true,NRT,亚太,日本东京,104 ms,5085 kB/s
161.35.28.43,443,true,FRA,欧洲,德国法兰克福,147 ms,5070 kB/s
193.122.96.80,56789,true,ICN,亚太,韩国首尔,138 ms,5069 kB/s
167.71.187.216,8880,true,EWR,北美洲,美国纽瓦克,69 ms,5061 kB/s
64.110.101.31,8888,true,KIX,亚太,大阪,104 ms,5054 kB/s
170.64.227.71,443,true,SYD,大洋洲,澳大利亚悉尼,151 ms,5045 kB/s
129.158.241.2,8443,true,IAD,北美洲,美国阿什伯恩,58 ms,5042 kB/s
134.122.60.51,8080,true,AMS,欧洲,荷兰阿姆斯特丹,139 ms,5039 kB/s
152.70.236.195,30001,true,ICN,亚太,韩国首尔,136 ms,5035 kB/s
132.145.114.230,12563,true,NRT,亚太,日本东京,101 ms,5020 kB/s
159.223.212.57,443,true,AMS,欧洲,荷兰阿姆斯特丹,149 ms,5010 kB/s
168.138.197.5,4499,true,NRT,亚太,日本东京,101 ms,5002 kB/s
146.56.99.105,10070,true,ICN,亚太,韩国首尔,134 ms,5002 kB/s
143.244.198.103,443,true,AMS,欧洲,荷兰阿姆斯特丹,146 ms,5000 kB/s
159.89.103.89,443,true,FRA,欧洲,德国法兰克福,142 ms,4998 kB/s
45.77.55.196,8081,true,FRA,欧洲,德国法兰克福,151 ms,4982 kB/s
46.101.150.21,2096,true,FRA,欧洲,德国法兰克福,159 ms,4970 kB/s
207.148.121.53,16444,true,SIN,亚太,新加坡,195 ms,4970 kB/s
193.122.107.234,443,true,ICN,亚太,韩国首尔,138 ms,4964 kB/s
206.189.105.167,443,true,AMS,欧洲,荷兰阿姆斯特丹,147 ms,4962 kB/s
131.186.22.50,443,true,ICN,亚太,韩国首尔,138 ms,4958 kB/s
129.154.194.191,443,true,ICN,亚太,韩国首尔,138 ms,4958 kB/s
167.172.164.250,443,true,FRA,欧洲,德国法兰克福,150 ms,4953 kB/s
146.56.188.74,443,true,ICN,亚太,韩国首尔,130 ms,4937 kB/s
64.225.77.36,443,true,AMS,欧洲,荷兰阿姆斯特丹,144 ms,4928 kB/s
146.56.101.155,52000,true,ICN,亚太,韩国首尔,243 ms,4910 kB/s
140.238.38.81,587,true,NRT,亚太,日本东京,102 ms,4906 kB/s
152.69.229.175,22558,true,ICN,亚太,韩国首尔,244 ms,4904 kB/s
188.226.153.14,443,true,AMS,欧洲,荷兰阿姆斯特丹,152 ms,4900 kB/s
158.101.154.245,47001,true,NRT,亚太,日本东京,103 ms,4899 kB/s
139.162.143.187,8443,true,FRA,欧洲,德国法兰克福,149 ms,4890 kB/s
206.189.102.194,443,true,AMS,欧洲,荷兰阿姆斯特丹,145 ms,4889 kB/s
140.83.38.177,34237,true,NRT,亚太,日本东京,100 ms,4881 kB/s
144.24.87.69,50001,true,ICN,亚太,韩国首尔,244 ms,4863 kB/s
152.70.101.24,16081,true,NRT,亚太,日本东京,100 ms,4858 kB/s
161.35.195.134,443,true,FRA,欧洲,德国法兰克福,149 ms,4854 kB/s
134.209.250.230,443,true,FRA,欧洲,德国法兰克福,148 ms,4854 kB/s
146.56.99.255,56789,true,ICN,亚太,韩国首尔,135 ms,4851 kB/s
207.148.121.53,12441,true,SIN,亚太,新加坡,191 ms,4844 kB/s
129.154.202.229,8443,true,ICN,亚太,韩国首尔,129 ms,4808 kB/s
150.136.243.175,443,true,EWR,北美洲,美国纽瓦克,61 ms,4805 kB/s
65.20.102.220,443,true,MAD,欧洲,西班牙马德里,160 ms,4781 kB/s
45.78.16.153,8443,true,HKG,亚太,香港,143 ms,4765 kB/s
64.225.108.88,443,true,FRA,欧洲,德国法兰克福,151 ms,4758 kB/s
64.227.73.131,443,true,AMS,欧洲,荷兰阿姆斯特丹,150 ms,4754 kB/s
132.226.21.116,6056,true,ICN,亚太,韩国首尔,146 ms,4751 kB/s
165.232.89.21,443,true,AMS,欧洲,荷兰阿姆斯特丹,152 ms,4711 kB/s
209.38.101.169,443,true,AMS,欧洲,荷兰阿姆斯特丹,151 ms,4694 kB/s
138.2.32.76,15821,true,KIX,亚太,大阪,113 ms,4639 kB/s
141.147.10.210,8881,true,FRA,欧洲,德国法兰克福,144 ms,4627 kB/s
178.128.197.159,443,true,FRA,欧洲,德国法兰克福,152 ms,4617 kB/s
152.70.101.24,16030,true,NRT,亚太,日本东京,122 ms,4598 kB/s
152.70.101.24,16922,true,NRT,亚太,日本东京,100 ms,4575 kB/s
161.33.16.188,443,true,KIX,亚太,大阪,113 ms,4575 kB/s
138.3.254.178,443,true,FRA,欧洲,德国法兰克福,153 ms,4574 kB/s
129.154.212.17,20180,true,ICN,亚太,韩国首尔,131 ms,4519 kB/s
161.33.152.80,8080,true,NRT,亚太,日本东京,101 ms,4490 kB/s
172.237.116.93,2096,true,LHR,欧洲,英国伦敦,142 ms,4478 kB/s
24.144.76.237,443,true,AMS,欧洲,荷兰阿姆斯特丹,153 ms,4477 kB/s
64.225.69.220,443,true,AMS,欧洲,荷兰阿姆斯特丹,146 ms,4473 kB/s
130.162.132.38,443,true,ICN,亚太,韩国首尔,129 ms,4464 kB/s
130.61.187.66,443,true,FRA,欧洲,德国法兰克福,145 ms,4458 kB/s
144.24.74.181,443,true,ICN,亚太,韩国首尔,243 ms,4455 kB/s
131.186.18.212,28887,true,ICN,亚太,韩国首尔,135 ms,4417 kB/s
188.166.0.19,2052,true,AMS,欧洲,荷兰阿姆斯特丹,150 ms,4397 kB/s
128.199.41.142,2053,true,AMS,欧洲,荷兰阿姆斯特丹,156 ms,4380 kB/s
167.71.73.156,2053,true,AMS,欧洲,荷兰阿姆斯特丹,154 ms,4377 kB/s
162.211.228.167,11443,true,AMS,欧洲,荷兰阿姆斯特丹,147 ms,4360 kB/s
138.68.65.129,443,true,FRA,欧洲,德国法兰克福,155 ms,4354 kB/s
152.70.101.24,16667,true,NRT,亚太,日本东京,101 ms,4343 kB/s
207.154.238.75,80,true,FRA,欧洲,德国法兰克福,153 ms,4339 kB/s
89.168.39.19,4433,true,CDG,欧洲,法国巴黎,146 ms,4323 kB/s
146.56.42.21,7777,true,ICN,亚太,韩国首尔,145 ms,4315 kB/s
167.71.108.41,8888,true,EWR,北美洲,美国纽瓦克,66 ms,4257 kB/s
159.223.24.144,443,true,FRA,欧洲,德国法兰克福,153 ms,4250 kB/s
140.238.8.194,15800,true,ICN,亚太,韩国首尔,131 ms,4247 kB/s
45.79.249.45,2086,true,FRA,欧洲,德国法兰克福,150 ms,4225 kB/s
172.239.237.227,443,true,AMS,欧洲,荷兰阿姆斯特丹,156 ms,4207 kB/s
172.233.54.11,8443,true,AMS,欧洲,荷兰阿姆斯特丹,161 ms,4197 kB/s
159.89.215.203,2096,true,FRA,欧洲,德国法兰克福,155 ms,4165 kB/s
104.248.102.20,443,true,FRA,欧洲,德国法兰克福,146 ms,4148 kB/s
152.70.101.24,16062,true,NRT,亚太,日本东京,100 ms,4144 kB/s
162.211.230.85,100,true,CDG,欧洲,法国巴黎,143 ms,4141 kB/s
172.232.157.189,8443,true,ARN,欧洲,瑞典斯德哥尔摩,160 ms,4130 kB/s
142.93.175.1,443,true,FRA,欧洲,德国法兰克福,151 ms,4126 kB/s
159.89.20.160,8443,true,FRA,欧洲,德国法兰克福,151 ms,4109 kB/s
165.227.146.168,443,true,FRA,欧洲,德国法兰克福,148 ms,4106 kB/s
158.180.72.60,443,true,ICN,亚太,韩国首尔,244 ms,4100 kB/s
206.189.99.40,433,true,AMS,欧洲,荷兰阿姆斯特丹,141 ms,4085 kB/s
209.38.115.119,443,true,FRA,欧洲,德国法兰克福,147 ms,4083 kB/s
152.70.101.24,16073,true,NRT,亚太,日本东京,101 ms,4066 kB/s
97.64.120.46,443,true,LAX,北美洲,美国洛杉矶,1 ms,4042 kB/s
104.248.17.101,443,true,FRA,欧洲,德国法兰克福,147 ms,4027 kB/s
146.235.199.164,443,true,SJC,北美洲,美国圣何塞,10 ms,4016 kB/s
139.144.73.57,443,true,FRA,欧洲,德国法兰克福,146 ms,4007 kB/s
144.24.73.232,443,true,ICN,亚太,韩国首尔,133 ms,3996 kB/s
165.227.154.163,443,true,FRA,欧洲,德国法兰克福,145 ms,3983 kB/s
139.162.112.209,443,true,NRT,亚太,日本东京,110 ms,3955 kB/s
174.138.8.21,443,true,AMS,欧洲,荷兰阿姆斯特丹,150 ms,3952 kB/s
64.225.79.126,443,true,AMS,欧洲,荷兰阿姆斯特丹,152 ms,3951 kB/s
138.2.122.191,443,true,ICN,亚太,韩国首尔,133 ms,3947 kB/s
172.236.212.67,443,true,FRA,欧洲,德国法兰克福,149 ms,3904 kB/s
84.8.145.58,443,true,LHR,欧洲,英国伦敦,132 ms,3891 kB/s
192.18.136.86,1234,true,SJC,北美洲,美国圣何塞,11 ms,3887 kB/s
152.42.128.92,443,true,AMS,欧洲,荷兰阿姆斯特丹,143 ms,3879 kB/s
164.90.190.34,2052,true,FRA,欧洲,德国法兰克福,191 ms,3837 kB/s
207.148.121.53,12443,true,SIN,亚太,新加坡,175 ms,3819 kB/s
172.239.224.150,2083,true,AMS,欧洲,荷兰阿姆斯特丹,152 ms,3805 kB/s
157.245.27.205,443,true,FRA,欧洲,德国法兰克福,151 ms,3775 kB/s
129.212.162.140,2053,true,LHR,欧洲,英国伦敦,138 ms,3755 kB/s
168.107.0.159,443,true,ICN,亚太,韩国首尔,243 ms,3746 kB/s
161.35.147.14,443,true,AMS,欧洲,荷兰阿姆斯特丹,152 ms,3743 kB/s
168.107.46.112,443,true,ICN,亚太,韩国首尔,244 ms,3743 kB/s
46.101.97.143,8443,true,FRA,欧洲,德国法兰克福,165 ms,3741 kB/s
168.107.46.1,443,true,ICN,亚太,韩国首尔,244 ms,3733 kB/s
172.232.148.139,2054,true,ARN,欧洲,瑞典斯德哥尔摩,164 ms,3728 kB/s
168.138.51.8,8443,true,KIX,亚太,大阪,104 ms,3715 kB/s
141.147.144.109,443,true,KIX,亚太,大阪,103 ms,3711 kB/s
79.76.34.106,12000,true,ARN,欧洲,瑞典斯德哥尔摩,167 ms,3709 kB/s
161.35.195.194,4431,true,FRA,欧洲,德国法兰克福,165 ms,3689 kB/s
152.70.101.24,16032,true,NRT,亚太,日本东京,100 ms,3659 kB/s
152.70.101.24,16719,true,NRT,亚太,日本东京,100 ms,3646 kB/s
152.70.101.24,16566,true,NRT,亚太,日本东京,104 ms,3609 kB/s
164.90.195.159,80,true,AMS,欧洲,荷兰阿姆斯特丹,140 ms,3572 kB/s
132.145.65.20,9931,true,LHR,欧洲,英国伦敦,130 ms,3539 kB/s
172.233.111.231,8443,true,MAD,欧洲,西班牙马德里,163 ms,3539 kB/s
209.38.45.9,2083,true,AMS,欧洲,荷兰阿姆斯特丹,140 ms,3516 kB/s
164.92.130.8,8080,true,FRA,欧洲,德国法兰克福,162 ms,3516 kB/s
167.71.190.24,2053,true,EWR,北美洲,美国纽瓦克,69 ms,3514 kB/s
199.247.16.219,2026,true,FRA,欧洲,德国法兰克福,150 ms,3496 kB/s
144.24.91.182,8893,true,ICN,亚太,韩国首尔,244 ms,3496 kB/s
134.209.71.141,2097,true,EWR,北美洲,美国纽瓦克,66 ms,3472 kB/s
46.101.103.253,443,true,FRA,欧洲,德国法兰克福,147 ms,3467 kB/s
152.70.101.24,16075,true,NRT,亚太,日本东京,100 ms,3455 kB/s
167.71.66.234,443,true,AMS,欧洲,荷兰阿姆斯特丹,139 ms,3443 kB/s
152.70.101.24,16066,true,NRT,亚太,日本东京,100 ms,3439 kB/s
158.179.173.208,443,true,ICN,亚太,韩国首尔,242 ms,3438 kB/s
140.245.38.40,2096,true,SIN,亚太,新加坡,174 ms,3433 kB/s
152.70.101.24,17000,true,NRT,亚太,日本东京,102 ms,3380 kB/s
146.56.105.182,443,true,SIN,亚太,新加坡,293 ms,3362 kB/s
152.70.101.24,16082,true,NRT,亚太,日本东京,100 ms,3339 kB/s
152.70.101.24,16079,true,NRT,亚太,日本东京,109 ms,3311 kB/s
209.38.248.107,443,true,FRA,欧洲,德国法兰克福,153 ms,3308 kB/s
152.70.101.24,16071,true,NRT,亚太,日本东京,100 ms,3305 kB/s
129.212.161.26,8443,true,LHR,欧洲,英国伦敦,139 ms,3220 kB/s
152.70.101.24,16825,true,NRT,亚太,日本东京,100 ms,3207 kB/s
45.79.121.183,8080,true,DEL,亚太,New Delhi,240 ms,3193 kB/s
152.70.101.24,16686,true,NRT,亚太,日本东京,101 ms,3129 kB/s
152.70.101.24,16555,true,NRT,亚太,日本东京,100 ms,3098 kB/s
152.70.101.24,16063,true,NRT,亚太,日本东京,101 ms,3095 kB/s
84.235.245.18,34501,true,DXB,中东,Dubai,252 ms,3081 kB/s
152.70.101.24,16013,true,NRT,亚太,日本东京,101 ms,3080 kB/s
152.70.101.24,16095,true,NRT,亚太,日本东京,134 ms,3051 kB/s
152.70.101.24,16993,true,NRT,亚太,日本东京,103 ms,3009 kB/s
152.70.16.54,222,true,FRA,欧洲,德国法兰克福,149 ms,3000 kB/s
40.233.71.238,443,true,YYZ,北美洲,加拿大多伦多,63 ms,2997 kB/s
152.70.101.24,16058,true,NRT,亚太,日本东京,100 ms,2987 kB/s
152.70.101.24,16070,true,NRT,亚太,日本东京,101 ms,2981 kB/s
152.70.101.24,16466,true,NRT,亚太,日本东京,101 ms,2970 kB/s
152.70.101.24,16511,true,NRT,亚太,日本东京,100 ms,2934 kB/s
152.70.101.24,16011,true,NRT,亚太,日本东京,100 ms,2885 kB/s
134.209.71.141,2101,true,EWR,北美洲,美国纽瓦克,69 ms,2884 kB/s
152.70.101.24,16083,true,NRT,亚太,日本东京,100 ms,2864 kB/s
152.70.101.24,16010,true,NRT,亚太,日本东京,101 ms,2858 kB/s
152.70.101.24,16074,true,NRT,亚太,日本东京,100 ms,2847 kB/s
134.199.134.2,8443,true,ATL,北美洲,亚特兰大,51 ms,2834 kB/s
152.70.101.24,16663,true,NRT,亚太,日本东京,101 ms,2833 kB/s
158.180.72.10,443,true,SIN,亚太,新加坡,304 ms,2829 kB/s
152.70.101.24,16028,true,NRT,亚太,日本东京,100 ms,2820 kB/s
65.20.83.36,443,true,DEL,亚太,New Delhi,313 ms,2804 kB/s
152.70.101.24,16019,true,NRT,亚太,日本东京,100 ms,2768 kB/s
172.232.204.184,8443,true,MXP,欧洲,意大利米兰,160 ms,2767 kB/s
152.70.101.24,16023,true,NRT,亚太,日本东京,101 ms,2740 kB/s
45.32.100.46,13802,true,SIN,亚太,新加坡,189 ms,2726 kB/s
172.237.119.6,8443,true,LHR,欧洲,英国伦敦,142 ms,2694 kB/s
158.247.249.252,443,true,ICN,亚太,韩国首尔,139 ms,2690 kB/s
139.84.163.149,443,true,DEL,亚太,New Delhi,348 ms,2683 kB/s
152.70.101.24,16035,true,NRT,亚太,日本东京,100 ms,2666 kB/s
152.70.101.24,16676,true,NRT,亚太,日本东京,101 ms,2656 kB/s
172.234.178.178,8443,true,CDG,欧洲,法国巴黎,145 ms,2651 kB/s
152.70.101.24,16665,true,NRT,亚太,日本东京,103 ms,2650 kB/s
152.70.101.24,16047,true,NRT,亚太,日本东京,100 ms,2601 kB/s
167.172.182.52,443,true,FRA,欧洲,德国法兰克福,163 ms,2594 kB/s
95.179.228.112,443,true,LHR,欧洲,英国伦敦,133 ms,2592 kB/s
130.162.176.173,10003,true,LHR,欧洲,英国伦敦,136 ms,2591 kB/s
152.70.101.24,16097,true,NRT,亚太,日本东京,101 ms,2578 kB/s
172.232.149.77,443,true,ARN,欧洲,瑞典斯德哥尔摩,163 ms,2576 kB/s
150.230.59.15,8443,true,KIX,亚太,大阪,103 ms,2549 kB/s
152.70.101.24,16057,true,NRT,亚太,日本东京,102 ms,2546 kB/s
152.70.101.24,16026,true,NRT,亚太,日本东京,101 ms,2521 kB/s
140.245.66.220,7443,true,ICN,亚太,韩国首尔,132 ms,2502 kB/s
134.209.71.141,2098,true,EWR,北美洲,美国纽瓦克,70 ms,2501 kB/s
163.192.39.88,1443,true,SJC,北美洲,美国圣何塞,13 ms,2500 kB/s
152.70.101.24,16611,true,NRT,亚太,日本东京,100 ms,2495 kB/s
159.65.162.90,4431,true,EWR,北美洲,美国纽瓦克,69 ms,2494 kB/s
152.70.101.24,16664,true,NRT,亚太,日本东京,100 ms,2489 kB/s
178.79.188.248,993,true,LHR,欧洲,英国伦敦,143 ms,2466 kB/s
152.70.101.24,16046,true,NRT,亚太,日本东京,103 ms,2452 kB/s
152.70.101.24,16061,true,NRT,亚太,日本东京,100 ms,2437 kB/s
152.70.101.24,16055,true,NRT,亚太,日本东京,100 ms,2430 kB/s
132.145.217.215,11001,true,IAD,北美洲,美国阿什伯恩,58 ms,2414 kB/s
172.105.62.71,2443,true,BOM,亚太,印度孟买,243 ms,2405 kB/s
152.70.101.24,16009,true,NRT,亚太,日本东京,100 ms,2390 kB/s
152.70.101.24,16669,true,NRT,亚太,日本东京,100 ms,2380 kB/s
143.198.31.221,443,true,EWR,北美洲,美国纽瓦克,65 ms,2340 kB/s
152.70.101.24,16444,true,NRT,亚太,日本东京,100 ms,2328 kB/s
152.70.101.24,16029,true,NRT,亚太,日本东京,100 ms,2287 kB/s
152.70.101.24,16711,true,NRT,亚太,日本东京,161 ms,2241 kB/s
152.70.101.24,16005,true,NRT,亚太,日本东京,100 ms,2238 kB/s
152.70.101.24,16041,true,NRT,亚太,日本东京,100 ms,2225 kB/s
209.38.45.9,8080,true,AMS,欧洲,荷兰阿姆斯特丹,154 ms,2209 kB/s
152.70.101.24,16045,true,NRT,亚太,日本东京,100 ms,2202 kB/s
152.70.101.24,16054,true,NRT,亚太,日本东京,101 ms,2160 kB/s
152.70.101.24,16403,true,NRT,亚太,日本东京,101 ms,2139 kB/s
152.70.101.24,16626,true,NRT,亚太,日本东京,101 ms,2109 kB/s
152.70.101.24,16049,true,NRT,亚太,日本东京,101 ms,2105 kB/s
152.70.101.24,16666,true,NRT,亚太,日本东京,100 ms,2093 kB/s
209.38.32.74,8443,true,AMS,欧洲,荷兰阿姆斯特丹,152 ms,2076 kB/s
152.70.101.24,16065,true,NRT,亚太,日本东京,101 ms,2061 kB/s
152.70.101.24,16033,true,NRT,亚太,日本东京,101 ms,1999 kB/s
152.70.101.24,16040,true,NRT,亚太,日本东京,100 ms,1993 kB/s
141.147.114.60,443,true,LHR,欧洲,英国伦敦,135 ms,1984 kB/s
152.70.101.24,16606,true,NRT,亚太,日本东京,101 ms,1977 kB/s
152.70.101.24,16668,true,NRT,亚太,日本东京,100 ms,1973 kB/s
134.199.242.166,1001,true,EWR,北美洲,美国纽瓦克,70 ms,1950 kB/s
64.226.102.64,443,true,FRA,欧洲,德国法兰克福,148 ms,1926 kB/s
152.70.101.24,16017,true,NRT,亚太,日本东京,100 ms,1896 kB/s
152.70.101.24,16084,true,NRT,亚太,日本东京,100 ms,1889 kB/s
65.49.232.134,1443,true,YVR,北美洲,Vancouver,28 ms,1881 kB/s
152.70.101.24,16077,true,NRT,亚太,日本东京,100 ms,1881 kB/s
95.179.189.238,2054,true,AMS,欧洲,荷兰阿姆斯特丹,150 ms,1879 kB/s
152.70.101.24,16656,true,NRT,亚太,日本东京,100 ms,1841 kB/s
168.107.13.136,8443,true,ICN,亚太,韩国首尔,244 ms,1839 kB/s
164.90.205.37,443,true,AMS,欧洲,荷兰阿姆斯特丹,143 ms,1804 kB/s
152.70.101.24,16002,true,NRT,亚太,日本东京,100 ms,1780 kB/s
152.70.101.24,16662,true,NRT,亚太,日本东京,101 ms,1732 kB/s
155.248.174.64,443,true,NRT,亚太,日本东京,103 ms,1722 kB/s
134.209.71.141,2102,true,EWR,北美洲,美国纽瓦克,66 ms,1711 kB/s
152.70.101.24,16038,true,NRT,亚太,日本东京,100 ms,1693 kB/s
152.70.101.24,16059,true,NRT,亚太,日本东京,101 ms,1659 kB/s
45.32.153.106,8443,true,FRA,欧洲,德国法兰克福,144 ms,1617 kB/s
165.232.124.35,443,true,FRA,欧洲,德国法兰克福,151 ms,1612 kB/s
165.232.124.35,8443,true,FRA,欧洲,德国法兰克福,149 ms,1608 kB/s
161.35.29.176,8443,true,FRA,欧洲,德国法兰克福,149 ms,1607 kB/s
142.93.161.230,443,true,FRA,欧洲,德国法兰克福,149 ms,1606 kB/s
167.71.45.93,8443,true,FRA,欧洲,德国法兰克福,149 ms,1583 kB/s
152.70.101.24,16018,true,NRT,亚太,日本东京,104 ms,1575 kB/s
152.70.101.24,16080,true,NRT,亚太,日本东京,137 ms,1544 kB/s
152.70.101.24,16044,true,NRT,亚太,日本东京,106 ms,1488 kB/s
152.70.101.24,16007,true,NRT,亚太,日本东京,101 ms,1456 kB/s
152.70.111.197,33536,true,NRT,亚太,日本东京,100 ms,1436 kB/s
152.70.101.24,16003,true,NRT,亚太,日本东京,101 ms,1434 kB/s
152.70.101.24,16031,true,NRT,亚太,日本东京,100 ms,1405 kB/s
140.245.57.217,443,true,SIN,亚太,新加坡,169 ms,1379 kB/s
152.70.101.24,16043,true,NRT,亚太,日本东京,100 ms,1368 kB/s
152.70.101.24,16067,true,NRT,亚太,日本东京,100 ms,1363 kB/s
159.65.185.43,1008,true,EWR,北美洲,美国纽瓦克,65 ms,1351 kB/s
152.70.101.24,16072,true,NRT,亚太,日本东京,100 ms,1337 kB/s
152.70.101.24,16015,true,NRT,亚太,日本东京,101 ms,1332 kB/s
152.70.101.24,16012,true,NRT,亚太,日本东京,100 ms,1320 kB/s
178.128.193.2,443,true,FRA,欧洲,德国法兰克福,148 ms,1295 kB/s
134.209.71.141,2099,true,EWR,北美洲,美国纽瓦克,69 ms,1274 kB/s
134.199.242.166,1002,true,EWR,北美洲,美国纽瓦克,69 ms,1244 kB/s
144.126.244.126,9443,true,FRA,欧洲,德国法兰克福,151 ms,1201 kB/s
132.145.29.208,443,true,LHR,欧洲,英国伦敦,137 ms,1180 kB/s
141.147.170.245,34237,true,NRT,亚太,日本东京,100 ms,1159 kB/s
137.184.195.95,443,true,EWR,北美洲,美国纽瓦克,68 ms,1150 kB/s
152.70.101.24,16636,true,NRT,亚太,日本东京,101 ms,1038 kB/s
149.28.56.202,443,true,EWR,北美洲,美国纽瓦克,66 ms,1008 kB/s
172.234.118.210,443,true,ARN,欧洲,瑞典斯德哥尔摩,159 ms,985 kB/s
152.70.101.24,16076,true,NRT,亚太,日本东京,106 ms,983 kB/s
164.92.210.231,443,true,AMS,欧洲,荷兰阿姆斯特丹,149 ms,957 kB/s
152.70.101.24,16661,true,NRT,亚太,日本东京,100 ms,946 kB/s
138.197.9.141,6000,true,EWR,北美洲,美国纽瓦克,66 ms,936 kB/s
152.70.101.24,16616,true,NRT,亚太,日本东京,100 ms,904 kB/s
152.70.101.24,16051,true,NRT,亚太,日本东京,100 ms,887 kB/s
134.209.71.141,2096,true,EWR,北美洲,美国纽瓦克,66 ms,839 kB/s
152.70.101.24,16042,true,NRT,亚太,日本东京,101 ms,822 kB/s
152.70.101.24,16006,true,NRT,亚太,日本东京,100 ms,776 kB/s
152.67.223.108,8105,true,ICN,亚太,韩国首尔,134 ms,772 kB/s
152.70.101.24,16000,true,NRT,亚太,日本东京,100 ms,752 kB/s
141.147.169.152,443,true,NRT,亚太,日本东京,112 ms,724 kB/s
207.148.125.245,8445,true,SIN,亚太,新加坡,188 ms,714 kB/s
152.70.101.24,16048,true,NRT,亚太,日本东京,100 ms,707 kB/s
131.186.62.78,34237,true,NRT,亚太,日本东京,101 ms,691 kB/s
152.70.101.24,16021,true,NRT,亚太,日本东京,100 ms,669 kB/s
152.70.101.24,16113,true,NRT,亚太,日本东京,100 ms,628 kB/s
152.70.101.24,16034,true,NRT,亚太,日本东京,100 ms,627 kB/s
152.70.101.24,16102,true,NRT,亚太,日本东京,101 ms,620 kB/s
152.70.101.24,16411,true,NRT,亚太,日本东京,100 ms,601 kB/s
152.70.101.24,16053,true,NRT,亚太,日本东京,101 ms,589 kB/s
172.233.48.198,8443,true,AMS,欧洲,荷兰阿姆斯特丹,150 ms,589 kB/s
152.70.101.24,16008,true,NRT,亚太,日本东京,100 ms,586 kB/s
140.245.107.0,8443,true,SIN,亚太,新加坡,177 ms,583 kB/s
152.70.101.24,16085,true,NRT,亚太,日本东京,101 ms,567 kB/s
152.70.101.24,16101,true,NRT,亚太,日本东京,100 ms,565 kB/s
172.237.11.207,8443,true,NRT,亚太,日本东京,107 ms,544 kB/s
172.232.140.240,8443,true,ARN,欧洲,瑞典斯德哥尔摩,161 ms,538 kB/s
152.70.101.24,16004,true,NRT,亚太,日本东京,101 ms,508 kB/s
65.20.100.179,8880,true,MAD,欧洲,西班牙马德里,158 ms,499 kB/s
216.24.178.29,443,true,LAX,北美洲,美国洛杉矶,0 ms,488 kB/s
40.233.87.120,443,true,YYZ,北美洲,加拿大多伦多,69 ms,450 kB/s
45.76.198.248,443,true,NRT,亚太,日本东京,107 ms,425 kB/s
149.28.21.106,443,true,NRT,亚太,日本东京,107 ms,422 kB/s
188.166.43.103,443,true,AMS,欧洲,荷兰阿姆斯特丹,138 ms,401 kB/s
152.70.101.24,16014,true,NRT,亚太,日本东京,101 ms,381 kB/s
209.38.218.47,443,true,FRA,欧洲,德国法兰克福,148 ms,379 kB/s
139.162.4.242,8443,true,SIN,亚太,新加坡,177 ms,370 kB/s
152.42.148.107,11619,true,AMS,欧洲,荷兰阿姆斯特丹,154 ms,338 kB/s
172.234.99.142,443,true,ARN,欧洲,瑞典斯德哥尔摩,159 ms,338 kB/s
152.70.101.24,16069,true,NRT,亚太,日本东京,100 ms,331 kB/s
68.183.149.43,1001,true,EWR,北美洲,美国纽瓦克,65 ms,324 kB/s
140.245.59.102,8443,true,SIN,亚太,新加坡,185 ms,317 kB/s
152.70.101.24,16022,true,NRT,亚太,日本东京,100 ms,314 kB/s
152.70.101.24,16037,true,NRT,亚太,日本东京,100 ms,307 kB/s
172.236.203.48,1001,true,FRA,欧洲,德国法兰克福,152 ms,304 kB/s
152.70.101.24,16064,true,NRT,亚太,日本东京,101 ms,304 kB/s
152.70.101.24,16696,true,NRT,亚太,日本东京,100 ms,301 kB/s
152.70.101.24,16016,true,NRT,亚太,日本东京,101 ms,297 kB/s
152.70.101.24,16036,true,NRT,亚太,日本东京,100 ms,283 kB/s
152.70.101.24,16027,true,NRT,亚太,日本东京,102 ms,280 kB/s
139.144.77.235,443,true,FRA,欧洲,德国法兰克福,151 ms,277 kB/s
172.236.30.225,443,true,LHR,欧洲,英国伦敦,136 ms,254 kB/s
152.70.101.24,16025,true,NRT,亚太,日本东京,101 ms,239 kB/s
152.70.101.24,16050,true,NRT,亚太,日本东京,101 ms,238 kB/s
152.70.101.24,16660,true,NRT,亚太,日本东京,102 ms,237 kB/s
152.70.101.24,16020,true,NRT,亚太,日本东京,100 ms,237 kB/s
152.70.101.24,16068,true,NRT,亚太,日本东京,100 ms,227 kB/s
129.159.84.71,443,true,ORD,北美洲,芝加哥,58 ms,222 kB/s
172.235.211.171,443,true,KIX,亚太,大阪,122 ms,211 kB/s
152.70.101.24,16078,true,NRT,亚太,日本东京,100 ms,209 kB/s
104.194.84.22,443,true,LAX,北美洲,美国洛杉矶,0 ms,207 kB/s
152.70.101.24,16060,true,NRT,亚太,日本东京,100 ms,207 kB/s
66.42.51.60,8443,true,SIN,亚太,新加坡,204 ms,200 kB/s
95.179.250.68,443,true,FRA,欧洲,德国法兰克福,152 ms,187 kB/s
172.236.204.169,443,true,FRA,欧洲,德国法兰克福,150 ms,158 kB/s
152.70.101.24,16039,true,NRT,亚太,日本东京,107 ms,98 kB/s
172.238.101.204,443,true,FRA,欧洲,德国法兰克福,153 ms,98 kB/s
64.225.68.226,3443,true,AMS,欧洲,荷兰阿姆斯特丹,142 ms,98 kB/s
68.183.10.184,8443,true,AMS,欧洲,荷兰阿姆斯特丹,142 ms,86 kB/s
172.238.229.90,443,true,MXP,欧洲,意大利米兰,160 ms,80 kB/s
152.67.235.3,88,true,SJC,北美洲,美国圣何塞,12 ms,58 kB/s
152.70.101.24,16184,true,NRT,亚太,日本东京,100 ms,57 kB/s
140.245.62.90,2096,true,SIN,亚太,新加坡,185 ms,43 kB/s
152.70.101.24,16024,true,NRT,亚太,日本东京,100 ms,33 kB/s
152.70.101.24,16923,true,NRT,亚太,日本东京,100 ms,8 kB/s
74.211.106.154,58000,true,LAX,北美洲,美国洛杉矶,1 ms,5 kB/s
152.70.101.24,16888,true,NRT,亚太,日本东京,162 ms,3 kB/s
157.230.157.81,443,true,SJC,北美洲,美国圣何塞,16 ms,3 kB/s
95.181.188.131,443,true,LAX,北美洲,美国洛杉矶,1 ms,3 kB/s
164.92.148.134,443,true,AMS,欧洲,荷兰阿姆斯特丹,152 ms,1 kB/s
64.226.113.116,7217,true,FRA,欧洲,德国法兰克福,147 ms,0 kB/s
164.90.208.64,433,true,FRA,欧洲,德国法兰克福,144 ms,0 kB/s
165.232.71.24,443,true,FRA,欧洲,德国法兰克福,143 ms,0 kB/s
95.179.253.7,8443,true,FRA,欧洲,德国法兰克福,151 ms,0 kB/s
167.71.63.50,443,true,FRA,欧洲,德国法兰克福,149 ms,0 kB/s
167.99.136.212,443,true,FRA,欧洲,德国法兰克福,146 ms,0 kB/s
131.186.20.230,4432,true,ICN,亚太,韩国首尔,130 ms,0 kB/s
157.245.23.9,443,true,FRA,欧洲,德国法兰克福,155 ms,0 kB/s
158.180.47.180,443,true,FRA,欧洲,德国法兰克福,153 ms,0 kB/s
92.5.228.167,443,true,AMS,欧洲,荷兰阿姆斯特丹,143 ms,0 kB/s
172.105.78.175,443,true,FRA,欧洲,德国法兰克福,155 ms,0 kB/s
152.70.101.24,16056,true,NRT,亚太,日本东京,100 ms,0 kB/s
138.2.38.172,4440,true,KIX,亚太,大阪,103 ms,0 kB/s
193.122.109.19,443,true,ICN,亚太,韩国首尔,131 ms,0 kB/s
146.56.188.143,443,true,ICN,亚太,韩国首尔,130 ms,0 kB/s
131.186.30.213,443,true,ICN,亚太,韩国首尔,136 ms,0 kB/s
165.232.136.226,443,true,SJC,北美洲,美国圣何塞,15 ms,0 kB/s
152.70.101.24,16052,true,NRT,亚太,日本东京,100 ms,0 kB/s
144.34.164.252,443,true,LAX,北美洲,美国洛杉矶,0 ms,0 kB/s
158.179.179.216,443,true,NRT,亚太,日本东京,100 ms,0 kB/s
172.232.112.240,587,true,SIN,亚太,新加坡,222 ms,0 kB/s
178.157.50.179,443,true,LAX,北美洲,美国洛杉矶,6 ms,0 kB/s
138.2.61.180,443,true,KIX,亚太,大阪,103 ms,0 kB/s
74.120.174.34,443,true,LAX,北美洲,美国洛杉矶,1 ms,0 kB/s
104.129.181.152,443,true,YVR,北美洲,Vancouver,28 ms,0 kB/s
45.62.109.144,443,true,SJC,北美洲,美国圣何塞,16 ms,0 kB/s
152.70.101.24,16443,true,NRT,亚太,日本东京,102 ms,0 kB/s
104.248.130.109,8443,true,FRA,欧洲,德国法兰克福,149 ms,0 kB/s
45.77.55.86,8443,true,FRA,欧洲,德国法兰克福,151 ms,0 kB/s
104.248.84.128,443,true,AMS,欧洲,荷兰阿姆斯特丹,150 ms,0 kB/s
74.211.110.30,443,true,LAX,北美洲,美国洛杉矶,1 ms,0 kB/s
150.136.87.192,443,true,IAD,北美洲,美国阿什伯恩,61 ms,0 kB/s
104.224.157.27,12345,true,LAX,北美洲,美国洛杉矶,1 ms,0 kB/s
65.49.216.153,2443,true,LAX,北美洲,美国洛杉矶,1 ms,0 kB/s
146.56.46.84,443,true,ICN,亚太,韩国首尔,129 ms,0 kB/s
